Handle,SKU,Name,Category,Description,Sold by weight,Option 1 name,Option 1 value,Option 2 name,Option 2 value,Option 3 name,Option 3 value,Cost,Barcode,SKU of included item,Quantity of included item,Track stock,Available for sale [Eni Live Station],Price [Eni Live Station],In stock [Eni Live Station],Low stock [Eni Live Station],"Modifier - ""Aggiunta""","Modifier - ""Ritiro e Consegna Concessionarie""","Modifier - ""Ritiro e Consegna PRIVATI"""
ACQUA DEMINERALIZZATA 1LT,10053,ACQUA DEMINERALIZZATA 1LT,Accessori,<p>ACQUA DEMINERALIZZATA 1LT</p>,N,,,,,,,0.50,8006786000571,,,Y,Y,3.00,2.000,3.000,N,N,N
ACQUA DEMINERALIZZATA 5L,10073,ACQUA DEMINERALIZZATA 5L,Accessori,ACQUA DEMINERALIZZATA 5L,N,,,,,,,0.00,8006786017951,,,Y,Y,5.00,-1.000,3.000,N,N,N
"acqua-norda-1,5lt",10509,"Acqua Norda 1,5lt",Bar,,N,,,,,,,0.00,8007500200031,,,N,Y,1.50,,,N,N,N
coppia-coprisedile-tag.1-fast&smart-nero|dubai-antracite,10544,Actualfit Tappetino moquette taglia 1,Accessori,,N,,,,,,,16.85,8010718350610,,,Y,Y,34.00,-1.000,,N,N,N
actualfit-tappetino-moquette-taglia-2,10543,Actualfit Tappetino moquette taglia 2,Accessori,,N,,,,,,,16.85,8010718350627,,,Y,Y,34.00,1.000,,N,N,N
actualfit-tappetino-moquette-taglia-3,10545,Actualfit Tappetino moquette taglia 3,Accessori,,N,,,,,,,16.85,8010718350634,,,Y,Y,34.00,-1.000,,N,N,N
actualfit-tappetino-moquette-taglia-4,10546,Actualfit Tappetino moquette taglia 4,Accessori,,N,,,,,,,16.85,8010718350641,,,Y,Y,34.00,1.000,,N,N,N
adblue,10430,ADBLUE,ADBLU SFUSO,,N,,,,,,,0.60,,,,N,Y,1.20,,,N,N,N
DIESEL ADBLUE ADDITTIVO 250ML ,10020,ADBLUE ADDITIVO 250ML,Accessori,DIESEL ADBLUE ADDITIVO 250ML ,N,,,,,,,0.00,8054309080821,,,Y,Y,10.00,5.000,3.000,N,N,N
ADDITIVO BENZINA 300ML PULITORE IGNEZIONE ,10019,ADDITIVO BENZINA,Accessori,ADDITIVO BENZINA 300ML PULITORE IGNEZIONE ,N,,,,,,,0.00,8054309080128,,,Y,Y,12.00,6.000,3.000,N,N,N
ADDITIVO DIESEL 300ML PULITORE IGNEZIONE ,10018,ADDITIVO DIESEL,Accessori,ADDITIVO DIESEL 300ML PULITORE IGNEZIONE ,N,,,,,,,0.00,8054309080135,,,Y,Y,12.00,5.000,3.000,N,N,N
additivo-fap-neovision,10515,Additivo FAP neovision,Accessori,,N,,,,,,,0.00,8054309080609,,,Y,Y,13.00,21.000,0.000,N,N,N
ADITIVO ANTIALGHE DIESEL 250ML,10100,ADITIVO ANTIALGHE DIESEL 250ML,Accessori,ADITIVO ANTIALGHE DIESEL 250ML,N,,,,,,,0.00,8002565098289,,,Y,Y,10.00,1.000,3.000,N,N,N
air-action-box,10458,Air action box,Bar,,N,,,,,,,0.00,80656074,,,Y,Y,2.50,5.000,0.000,N,N,N
air-action-stick,10460,Air action stick,Bar,,N,,,,,,,0.00,80085430,,,Y,Y,1.20,15.000,0.000,N,N,N
ANTENNA UNIVERSALE NERA 6CM,10349,ANTENNA UNIVERSALE NERA 6CM,Accessori,ANTENNA UNIVERSALE NERA 6CM,N,,,,,,,0.00,8010718207686,,,Y,Y,9.00,2.000,3.000,N,N,N
ANTENNA UNIVERSALE SILVER HITECH 2,10350,ANTENNA UNIVERSALE SILVER HITECH 2,Accessori,ANTENNA UNIVERSALE SILVER HITECH 2,N,,,,,,,0.00,8010718206610,,,Y,Y,6.50,-1.000,3.000,N,N,N
ANTENNA UNIVERSALE SILVER HITECH 3,10351,ANTENNA UNIVERSALE SILVER HITECH 3,Accessori,ANTENNA UNIVERSALE SILVER HITECH 3,N,,,,,,,0.00,8010718206634,,,Y,Y,7.00,1.000,3.000,N,N,N
antigelo-radiatori-blu-sfuso,10540,Antigelo Radiatori Blu Sfuso,,<p>Paragel Antigelo Radiatori Blu Sfuso</p>,Y,,,,,,,,8006786002117,10030,1.000,N,Y,1.00,,,N,N,N
antigelo-radiatori-rosa,10539,Antigelo Radiatori Rosa Sfuso,Accessori,<p>Paragel Antigelo Radiatori Rosa</p>,Y,,,,,,,,8006786018613,10031,1.000,N,Y,1.00,,,N,N,N
ARBRE MAGIQUE - AUTO NUOVA,10323,ARBRE MAGIQUE - AUTO NUOVA,Profumatori,ARBRE MAGIQUE - AUTO NUOVA,N,,,,,,,0.00,8001365059414,,,Y,Y,2.50,12.000,3.000,N,N,N
ARBRE MAGIQUE - BARBER SHOP,10321,ARBRE MAGIQUE - BARBER SHOP,Profumatori,ARBRE MAGIQUE - BARBER SHOP,N,,,,,,,0.00,8001365023804,,,Y,Y,2.50,14.000,3.000,N,N,N
ARBRE MAGIQUE - BERRIES VALLEY,10326,ARBRE MAGIQUE - BERRIES VALLEY,Profumatori,ARBRE MAGIQUE - BERRIES VALLEY,N,,,,,,,0.00,8001365023347,,,Y,Y,2.50,13.000,3.000,N,N,N
ARBRE MAGIQUE - COCCO,10332,ARBRE MAGIQUE - COCCO,Profumatori,ARBRE MAGIQUE - COCCO,N,,,,,,,0.00,8001365055362,,,Y,Y,2.50,2.000,3.000,N,N,N
ARBRE MAGIQUE - FRAGOLA,10319,ARBRE MAGIQUE - FRAGOLA,Profumatori,ARBRE MAGIQUE - FRAGOLA,N,,,,,,,0.00,8001365059506,,,Y,Y,2.50,9.000,3.000,N,N,N
ARBRE MAGIQUE - FRESH WATER,10333,ARBRE MAGIQUE - FRESH WATER,Profumatori,ARBRE MAGIQUE - FRESH WATER,N,,,,,,,0.00,8001365022906,,,Y,Y,2.50,26.000,3.000,N,N,N
ARBRE MAGIQUE - LAVANDA,10325,ARBRE MAGIQUE - LAVANDA,Profumatori,ARBRE MAGIQUE - LAVANDA,N,,,,,,,0.00,8001365055201,,,Y,Y,2.50,17.000,3.000,N,N,N
ARBRE MAGIQUE - LEMON,10334,ARBRE MAGIQUE - LEMON,Profumatori,ARBRE MAGIQUE - LEMON,N,,,,,,,0.00,8001365055379,,,Y,Y,2.50,24.000,3.000,N,N,N
ARBRE MAGIQUE - MELA VERDE ,10324,ARBRE MAGIQUE - MELA VERDE,Profumatori,ARBRE MAGIQUE - MELA VERDE ,N,,,,,,,0.00,8001365055225,,,Y,Y,2.50,18.000,3.000,N,N,N
ARBRE MAGIQUE - MUSCHIO BIANCO ,10330,ARBRE MAGIQUE - MUSCHIO BIANCO,Profumatori,ARBRE MAGIQUE - MUSCHIO BIANCO ,N,,,,,,,0.00,8001365023668,,,Y,Y,2.50,8.000,3.000,N,N,N
ARBRE MAGIQUE - NEUTRODOR PETS 150MM,10338,ARBRE MAGIQUE - NEUTRODOR PETS 150MM,Profumatori,ARBRE MAGIQUE - NEUTRODOR PETS 150MM,N,,,,,,,0.00,8001365091711,,,Y,Y,7.00,4.000,3.000,N,N,N
ARBRE MAGIQUE - NEUTRODOR TESSUTI 150MM,10339,ARBRE MAGIQUE - NEUTRODOR TESSUTI 150MM,Profumatori,ARBRE MAGIQUE - NEUTRODOR TESSUTI 150MM,N,,,,,,,0.00,8001365091414,,,Y,Y,7.00,3.000,3.000,N,N,N
ARBRE MAGIQUE - PINO,10322,ARBRE MAGIQUE - PINO,Profumatori,ARBRE MAGIQUE - PINO,N,,,,,,,0.00,8001365055003,,,Y,Y,2.50,14.000,3.000,N,N,N
ARBRE MAGIQUE - POP BLUE VELVET,10337,ARBRE MAGIQUE - POP BLUE VELVET,Profumatori,ARBRE MAGIQUE - POP BLUE VELVET,N,,,,,,,0.00,8001365290039,,,Y,Y,4.50,1.000,3.000,N,N,N
ARBRE MAGIQUE - POP EXOTIC,10335,ARBRE MAGIQUE - POP EXOTIC,Profumatori,ARBRE MAGIQUE - POP EXOTIC,N,,,,,,,0.00,8001365290022,,,Y,Y,4.50,9.000,3.000,N,N,N
ARBRE MAGIQUE - POP OCEAN,10336,ARBRE MAGIQUE - POP OCEAN,Profumatori,ARBRE MAGIQUE - POP OCEAN,N,,,,,,,0.00,8001365290008,,,Y,Y,4.50,2.000,3.000,N,N,N
ARBRE MAGIQUE - SPORT,10320,ARBRE MAGIQUE - SPORT,Profumatori,ARBRE MAGIQUE - SPORT,N,,,,,,,0.00,8001365022265,,,Y,Y,2.50,6.000,3.000,N,N,N
ARBRE MAGIQUE - SUMMER DREAM,10328,ARBRE MAGIQUE - SUMMER DREAM,Profumatori,ARBRE MAGIQUE - SUMMER DREAM,N,,,,,,,0.00,8001365023743,,,Y,Y,2.50,12.000,3.000,N,N,N
ARBRE MAGIQUE - VANIGLIA ,10327,ARBRE MAGIQUE - VANIGLIA,Profumatori,ARBRE MAGIQUE - VANIGLIA ,N,,,,,,,0.00,8001365055300,,,Y,Y,2.50,8.000,3.000,N,N,N
ARBRE MAGIQUE - WINTER SEASON,10329,ARBRE MAGIQUE - WINTER SEASON,Profumatori,ARBRE MAGIQUE - WINTER SEASON,N,,,,,,,0.00,8001365050077,,,Y,Y,2.50,8.000,3.000,N,N,N
ARBRE MAGIQUE - WOODEN MUSK,10331,ARBRE MAGIQUE - WOODEN MUSK,Profumatori,ARBRE MAGIQUE - WOODEN MUSK,N,,,,,,,0.00,8001365023606,,,Y,Y,2.50,9.000,3.000,N,N,N
ATF II D 1L OLIO CAMBI AUTOMATICI ,10041,ATF II D 1L OLIO CAMBI AUTOMATICI,Oli e lubrificanti,ATF II D 1L OLIO CAMBI AUTOMATICI ,N,,,,,,,0.00,8003699008885,,,Y,Y,13.00,4.000,3.000,N,N,N
best-car,10401,BEST CAR,Lavaggi,,N,TIPO LAVAGGIO,COMPLETO,,,,,0.00,,,,N,Y,24.00,,,N,N,N
best-car,10497,,,,,,COMPLETO + MOTORE,,,,,0.00,,,,,Y,25.00,,,N,N,N
best-car,10402,,,,,,ESTERNO,,,,,0.00,,,,,Y,13.00,,,N,N,N
best-car,10411,,,,,,IDRO+RULLI,,,,,0.00,,,,,Y,10.00,,,N,N,N
best-car,10403,,,,,,INTERNO,,,,,0.00,,,,,Y,20.00,,,N,N,N
best-car,10410,,,,,,SOLO RULLI,,,,,0.00,,,,,Y,6.00,,,N,N,N
best-car,10420,,,,,,VARIABILE,,,,,0.00,,,,,Y,variable,,,N,N,N
BI-MOSCHI LAVAVETRI BICOMP PER INSETTI 250ML,10007,BI-MOSCHI,Accessori,BI-MOSCHI LAVAVETRI BICOMP PER INSETTI 250ML,N,,,,,,,0.00,8006786014059,,,Y,Y,3.50,9.000,3.000,N,N,N
BIG 2 DETERSIVO VETRI 25LT,10306,BIG 2 DETERSIVO VETRI 25LT,Uso interno,BIG 2 DETERSIVO VETRI 25LT,N,,,,,,,0.00,,,,Y,Y,1.00,1.000,3.000,N,N,N
black-opium-essence,10489,Black Opium essence,Profumatori,,N,,,,,,,2.50,8054309080845,,,Y,Y,7.00,2.000,0.000,N,N,N
blue-car-essence,10488,Blue Car essence,Profumatori,,N,,,,,,,2.50,8054309080838,,,Y,Y,7.00,3.000,0.000,N,N,N
bolletta,10443,BOLLETTA,Lavaggi,,N,TIPO LAVAGGIO,COMPLETO,,,,,0.00,,,,N,Y,28.00,,,Y,N,N
bolletta,10444,,,,,,ESTERNO,,,,,0.00,,,,,Y,14.00,,,,,
bolletta,10445,,,,,,INTERNO,,,,,0.00,,,,,Y,22.00,,,,,
bolletta,10446,,,,,,RULLI,,,,,0.00,,,,,Y,6.00,,,,,
bolletta,10447,,,,,,RULLI+IDRO,,,,,0.00,,,,,Y,10.00,,,,,
bolletta,10455,,,,,,SUV,,,,,0.00,,,,,Y,30.00,,,,,
bolletta,10448,,,,,,VARIABILE,,,,,0.00,,,,,Y,variable,,,,,
"BORCHIE CERCHI 15""",10093,"BORCHIE CERCHI 15""",Accessori,"BORCHIE CERCHI 15""",N,,,,,,,0.00,6922516306725,,,Y,Y,50.00,1.000,3.000,N,N,N
BOSCH AEROFIT ANT. - AF 400 400MM,10109,BOSCH AEROFIT ANT. - AF 400 400MM,Tergicristalli,BOSCH AEROFIT ANT. - AF 400 400MM,N,,,,,,,0.00,4047025123211,,,Y,Y,20.00,6.000,3.000,N,N,N
BOSCH AEROFIT ANT. - AFP 350 350MM,10111,BOSCH AEROFIT ANT. - AFP 350 350MM,Tergicristalli,<p>BOSCH AEROFIT ANT. - AFP 350 350MM</p>,N,,,,,,,7.00,4047023099501,,,Y,Y,18.00,14.000,3.000,N,N,N
BOSCH AEROFIT ANT. - AFP 380 380MM,10110,BOSCH AEROFIT ANT. - AFP 380 380MM,Tergicristalli,<p>BOSCH AEROFIT ANT. - AFP 380 380MM</p>,N,,,,,,,7.00,4047023099518,,,Y,Y,18.00,0.000,3.000,N,N,N
BOSCH AEROFIT ANT. - AFP 400 400MM,10108,BOSCH AEROFIT ANT. - AFP 400 400MM,Tergicristalli,<p>BOSCH AEROFIT ANT. - AFP 400 400MM</p>,N,,,,,,,7.00,4047023099525,,,Y,Y,20.00,15.000,3.000,N,N,N
BOSCH AEROFIT ANT. - AFP 450 450MM,10107,BOSCH AEROFIT ANT. - AFP 450 450MM,Tergicristalli,BOSCH AEROFIT ANT. - AFP 450 450MM,N,,,,,,,7.00,4047023099532,,,Y,Y,20.00,7.000,3.000,N,N,N
BOSCH AEROFIT ANT. - AFP 500 500MM,10106,BOSCH AEROFIT ANT. - AFP 500 500MM,Tergicristalli,BOSCH AEROFIT ANT. - AFP 500 500MM,N,,,,,,,8.00,4047023099556,,,Y,Y,22.00,12.000,3.000,N,N,N
BOSCH AEROFIT ANT. - AFP 550 550MM,10105,BOSCH AEROFIT ANT. - AFP 550 550MM,Tergicristalli,<p>BOSCH AEROFIT ANT. - AFP 550 550MM</p>,N,,,,,,,8.00,4047023099570,,,Y,Y,22.00,12.000,3.000,N,N,N
BOSCH AEROFIT ANT. - AFP 600 600MM,10104,BOSCH AEROFIT ANT. - AFP 600 600MM,Tergicristalli,<p>BOSCH AEROFIT ANT. - AFP 600 600MM</p>,N,,,,,,,8.00,4047023099587,,,Y,Y,25.00,4.000,3.000,N,N,N
BOSCH AEROFIT ANT. - AFP 650 650MM,10103,BOSCH AEROFIT ANT. - AFP 650 650MM,Tergicristalli,BOSCH AEROFIT ANT. - AFP 650 650MM,N,,,,,,,8.00,4047023099594,,,Y,Y,25.00,8.000,3.000,N,N,N
BOSCH AEROFIT ANT. - AFP 700 700MM,10101,BOSCH AEROFIT ANT. - AFP 700 700MM,Tergicristalli,BOSCH AEROFIT ANT. - AFP 700 700MM,N,,,,,,,8.00,4047023099600,,,Y,Y,25.00,10.000,3.000,N,N,N
BOSCH AEROFIT ANT. - AFP 750 750MM,10102,BOSCH AEROFIT ANT. - AFP 750 750MM,Tergicristalli,BOSCH AEROFIT ANT. - AFP 750 750MM,N,,,,,,,8.00,4047023099617,,,Y,Y,25.00,1.000,3.000,N,N,N
BOSCH AEROTWIN A 401 H 400MM,10184,BOSCH AEROTWIN A 401 H 400MM,Tergicristalli,BOSCH AEROTWIN A 401 H 400MM,N,,,,,,,0.00,4047024151741,,,Y,Y,20.00,3.000,3.000,N,N,N
BOSCH AEROTWIN A 475 H 475MM,10186,BOSCH AEROTWIN A 475 H 475MM,Tergicristalli,BOSCH AEROTWIN A 475 H 475MM,N,,,,,,,0.00,4047024240926,,,Y,Y,20.00,1.000,3.000,N,N,N
BOSCH AEROTWIN ANT. -  963S 750/650MM,10135,BOSCH AEROTWIN ANT. -  963S 750/650MM,Tergicristalli,BOSCH AEROTWIN ANT. -  963S 750/650MM,N,,,,,,,0.00,3165143410202,,,Y,Y,50.00,1.000,3.000,N,N,N
BOSCH AEROTWIN ANT. - A 112 S 575/530MM,10130,BOSCH AEROTWIN ANT. - A 112 S 575/530MM,Tergicristalli,BOSCH AEROTWIN ANT. - A 112 S 575/530MM,N,,,,,,,0.00,4047026153279,,,Y,Y,45.00,1.000,3.000,N,N,N
BOSCH AEROTWIN ANT. - A 156 S 650/400MM,10129,BOSCH AEROTWIN ANT. - A 156 S 650/400MM,Tergicristalli,BOSCH AEROTWIN ANT. - A 156 S 650/400MM,N,,,,,,,0.00,4047025659321,,,Y,Y,45.00,1.000,3.000,N,N,N
BOSCH AEROTWIN ANT. - A 204 S 600/475MM,10124,BOSCH AEROTWIN ANT. - A 204 S 600/475MM,Tergicristalli,BOSCH AEROTWIN ANT. - A 204 S 600/475MM,N,,,,,,,0.00,4047025907934,,,Y,Y,45.00,0.000,3.000,N,N,N
BOSCH AEROTWIN ANT. - A 206 S 650/475MM,10126,BOSCH AEROTWIN ANT. - A 206 S 650/475MM,Tergicristalli,BOSCH AEROTWIN ANT. - A 206 S 650/475MM,N,,,,,,,0.00,4047025907958,,,Y,Y,45.00,1.000,3.000,N,N,N
BOSCH AEROTWIN ANT. - A 250 S 650/360MM,10127,BOSCH AEROTWIN ANT. - A 250 S 650/360MM,Tergicristalli,BOSCH AEROTWIN ANT. - A 250 S 650/360MM,N,,,,,,,0.00,4047026068764,,,Y,Y,45.00,1.000,3.000,N,N,N
BOSCH AEROTWIN ANT. - A 404 S 700/340MM,10128,BOSCH AEROTWIN ANT. - A 404 S 700/340MM,Tergicristalli,BOSCH AEROTWIN ANT. - A 404 S 700/340MM,N,,,,,,,0.00,4047026195491,,,Y,Y,50.00,1.000,3.000,N,N,N
BOSCH AEROTWIN ANT. - A 644 S 700 MM,10134,BOSCH AEROTWIN ANT. - A 644 S 700 MM,Tergicristalli,BOSCH AEROTWIN ANT. - A 644 S 700 MM,N,,,,,,,0.00,4047023127037,,,Y,Y,35.00,1.000,3.000,N,N,N
BOSCH AEROTWIN ANT. - A 981 S 700/300MM,10125,BOSCH AEROTWIN ANT. - A 981 S 700/300MM,Tergicristalli,BOSCH AEROTWIN ANT. - A 981 S 700/300MM,N,,,,,,,0.00,4047026521948,,,Y,Y,50.00,1.000,3.000,N,N,N
BOSCH AEROTWIN ANT. - AP 13 U 340MM,10123,BOSCH AEROTWIN ANT. - AP 13 U 340MM,Tergicristalli,BOSCH AEROTWIN ANT. - AP 13 U 340MM,N,,,,,,,0.00,4047025127509,,,Y,Y,23.00,2.000,3.000,N,N,N
BOSCH AEROTWIN ANT. - AP 15 U 380MM,10122,BOSCH AEROTWIN ANT. - AP 15 U 380MM,Tergicristalli,BOSCH AEROTWIN ANT. - AP 15 U 380MM,N,,,,,,,0.00,4047025127516,,,Y,Y,23.00,3.000,3.000,N,N,N
BOSCH AEROTWIN ANT. - AP 16 U 400MM,10121,BOSCH AEROTWIN ANT. - AP 16 U 400MM,Tergicristalli,BOSCH AEROTWIN ANT. - AP 16 U 400MM,N,,,,,,,0.00,4047025127523,,,Y,Y,25.00,4.000,3.000,N,N,N
BOSCH AEROTWIN ANT. - AP 17 U 425MM,10120,BOSCH AEROTWIN ANT. - AP 17 U 425MM,Tergicristalli,BOSCH AEROTWIN ANT. - AP 17 U 425MM,N,,,,,,,0.00,4047025127530,,,Y,Y,25.00,5.000,3.000,N,N,N
BOSCH AEROTWIN ANT. - AP 18 U 450MM,10119,BOSCH AEROTWIN ANT. - AP 18 U 450MM,Tergicristalli,BOSCH AEROTWIN ANT. - AP 18 U 450MM,N,,,,,,,0.00,4047025127547,,,Y,Y,25.00,5.000,3.000,N,N,N
BOSCH AEROTWIN ANT. - AP 20 U 500MM,10118,BOSCH AEROTWIN ANT. - AP 20 U 500MM,Tergicristalli,BOSCH AEROTWIN ANT. - AP 20 U 500MM,N,,,,,,,0.00,4047025127561,,,Y,Y,25.00,1.000,3.000,N,N,N
BOSCH AEROTWIN ANT. - AP 21 U 530MM,10117,BOSCH AEROTWIN ANT. - AP 21 U 530MM,Tergicristalli,BOSCH AEROTWIN ANT. - AP 21 U 530MM,N,,,,,,,0.00,4047025127578,,,Y,Y,25.00,2.000,3.000,N,N,N
BOSCH AEROTWIN ANT. - AP 22 U 550MM,10116,BOSCH AEROTWIN ANT. - AP 22 U 550MM,Tergicristalli,BOSCH AEROTWIN ANT. - AP 22 U 550MM,N,,,,,,,0.00,4047025127585,,,Y,Y,28.00,3.000,3.000,N,N,N
BOSCH AEROTWIN ANT. - AP 24 U 600MM,10115,BOSCH AEROTWIN ANT. - AP 24 U 600MM,Tergicristalli,BOSCH AEROTWIN ANT. - AP 24 U 600MM,N,,,,,,,0.00,4047025127608,,,Y,Y,28.00,2.000,3.000,N,N,N
BOSCH AEROTWIN ANT. - AP 28 U 700MM,10114,BOSCH AEROTWIN ANT. - AP 28 U 700MM,Tergicristalli,BOSCH AEROTWIN ANT. - AP 28 U 700MM,N,,,,,,,0.00,4047025127622,,,Y,Y,28.00,1.000,3.000,N,N,N
BOSCH AEROTWIN ANT. - AP 30 U 750MM,10112,BOSCH AEROTWIN ANT. - AP 30 U 750MM,Tergicristalli,BOSCH AEROTWIN ANT. - AP 30 U 750MM,N,,,,,,,0.00,4047025127639,,,Y,Y,28.00,2.000,3.000,N,N,N
BOSCH AEROTWIN ANT. - AP 32 U 800MM,10113,BOSCH AEROTWIN ANT. - AP 32 U 800MM,Tergicristalli,BOSCH AEROTWIN ANT. - AP 32 U 800MM,N,,,,,,,0.00,4047025127646,,,Y,Y,30.00,2.000,3.000,N,N,N
BOSCH REAR A 230 H 240MM,10219,BOSCH REAR A 230 H 240MM,Tergicristalli,BOSCH REAR A 230 H 240MM,N,,,,,,,0.00,4047025243124,,,Y,Y,15.00,1.000,3.000,N,N,N
BOSCH REAR A 251 H 250MM,10216,BOSCH REAR A 251 H 250MM,Tergicristalli,BOSCH REAR A 251 H 250MM,N,,,,,,,0.00,4047024437746,,,Y,Y,15.00,1.000,3.000,N,N,N
BOSCH REAR A 306 H 300MM,10204,BOSCH REAR A 306 H 300MM,Tergicristalli,BOSCH REAR A 306 H 300MM,N,,,,,,,0.00,4047024867017,,,Y,Y,15.00,1.000,3.000,N,N,N
BOSCH REAR A 311 H 300MM,10206,BOSCH REAR A 311 H 300MM,Tergicristalli,BOSCH REAR A 311 H 300MM,N,,,,,,,0.00,4047025304368,,,Y,Y,15.00,2.000,3.000,N,N,N
BOSCH REAR A 333 H 330MM,10209,BOSCH REAR A 333 H 330MM,Tergicristalli,BOSCH REAR A 333 H 330MM,N,,,,,,,0.00,4047024875227,,,Y,Y,15.00,2.000,3.000,N,N,N
BOSCH REAR A 350 H 350MM,10196,BOSCH REAR A 350 H 350MM,Tergicristalli,BOSCH REAR A 350 H 350MM,N,,,,,,,0.00,4047024302464,,,Y,Y,15.00,1.000,3.000,N,N,N
BOSCH REAR A 351 H 350MM,10197,BOSCH REAR A 351 H 350MM,Tergicristalli,BOSCH REAR A 351 H 350MM,N,,,,,,,0.00,4047024302488,,,Y,Y,15.00,1.000,3.000,N,N,N
BOSCH REAR A 382 H 380MM,10190,BOSCH REAR A 382 H 380MM,Tergicristalli,BOSCH REAR A 382 H 380MM,N,,,,,,,0.00,4047025133302,,,Y,Y,15.00,2.000,3.000,N,N,N
BOSCH REAR A 425 H 425MM,10195,BOSCH REAR A 425 H 425MM,Tergicristalli,BOSCH REAR A 425 H 425MM,N,,,,,,,0.00,4047024239326,,,Y,Y,15.00,1.000,3.000,N,N,N
BOSCH REAR H 230 230MM (MEGANE),10221,BOSCH REAR H 230 230MM (MEGANE),Tergicristalli,BOSCH REAR H 230 230MM (MEGANE),N,,,,,,,0.00,3165143604748,,,Y,Y,15.00,1.000,3.000,N,N,N
BOSCH REAR H 230 230MM (OPEL RENAULT),10220,BOSCH REAR H 230 230MM (OPEL RENAULT),Tergicristalli,BOSCH REAR H 230 230MM (OPEL RENAULT),N,,,,,,,0.00,3165143604748,,,Y,Y,15.00,1.000,3.000,N,N,N
BOSCH REAR H 251 250MM,10222,BOSCH REAR H 251 250MM,Tergicristalli,BOSCH REAR H 251 250MM,N,,,,,,,0.00,4047025363877,,,Y,Y,15.00,1.000,3.000,N,N,N
BOSCH REAR H 261 270MM,10218,BOSCH REAR H 261 270MM,Tergicristalli,BOSCH REAR H 261 270MM,N,,,,,,,0.00,4047025161442,,,Y,Y,15.00,1.000,3.000,N,N,N
BOSCH REAR H 281 280MM,10211,BOSCH REAR H 281 280MM,Tergicristalli,BOSCH REAR H 281 280MM,N,,,,,,,0.00,4047024909588,,,Y,Y,15.00,1.000,3.000,N,N,N
BOSCH REAR H 282 280MM,10212,BOSCH REAR H 282 280MM,Tergicristalli,BOSCH REAR H 282 280MM,N,,,,,,,0.00,4047025290272,,,Y,Y,15.00,1.000,3.000,N,N,N
BOSCH REAR H 283 280MM,10213,BOSCH REAR H 283 280MM,Tergicristalli,BOSCH REAR H 283 280MM,N,,,,,,,0.00,4047025309318,,,Y,Y,15.00,1.000,3.000,N,N,N
BOSCH REAR H 290 300MM,10214,BOSCH REAR H 290 300MM,Tergicristalli,BOSCH REAR H 290 300MM,N,,,,,,,0.00,4047025363884,,,Y,Y,15.00,1.000,3.000,N,N,N
BOSCH REAR H 300 300MM,10215,BOSCH REAR H 300 300MM,Tergicristalli,BOSCH REAR H 300 300MM,N,,,,,,,0.00,3165143609224,,,Y,Y,15.00,1.000,3.000,N,N,N
BOSCH REAR H 308 300MM,10205,BOSCH REAR H 308 300MM,Tergicristalli,BOSCH REAR H 308 300MM,N,,,,,,,0.00,4047025083812,,,Y,Y,15.00,1.000,3.000,N,N,N
BOSCH REAR H 310 305MM,10207,BOSCH REAR H 310 305MM,Tergicristalli,BOSCH REAR H 310 305MM,N,,,,,,,0.00,4047025152556,,,Y,Y,15.00,1.000,3.000,N,N,N
BOSCH REAR H 330 330MM,10208,BOSCH REAR H 330 330MM,Tergicristalli,BOSCH REAR H 330 330MM,N,,,,,,,0.00,4047024424975,,,Y,Y,15.00,2.000,3.000,N,N,N
BOSCH REAR H 340 340MM,10210,BOSCH REAR H 340 340MM,Tergicristalli,BOSCH REAR H 340 340MM,N,,,,,,,0.00,3165141087437,,,Y,Y,15.00,1.000,3.000,N,N,N
BOSCH REAR H 355 350MM,10198,BOSCH REAR H 355 350MM,Tergicristalli,BOSCH REAR H 355 350MM,N,,,,,,,0.00,4047024909595,,,Y,Y,15.00,1.000,3.000,N,N,N
BOSCH REAR H 356 350MM,10199,BOSCH REAR H 356 350MM,Tergicristalli,BOSCH REAR H 356 350MM,N,,,,,,,0.00,4047025152563,,,Y,Y,15.00,1.000,3.000,N,N,N
BOSCH REAR H 357 350MM,10200,BOSCH REAR H 357 350MM,Tergicristalli,BOSCH REAR H 357 350MM,N,,,,,,,0.00,4047025214872,,,Y,Y,15.00,1.000,3.000,N,N,N
BOSCH REAR H 358 350MM,10201,BOSCH REAR H 358 350MM,Tergicristalli,BOSCH REAR H 358 350MM,N,,,,,,,0.00,4047025214889,,,Y,Y,15.00,1.000,3.000,N,N,N
BOSCH REAR H 370 370MM,10202,BOSCH REAR H 370 370MM,Tergicristalli,BOSCH REAR H 370 370MM,N,,,,,,,0.00,4047024398573,,,Y,Y,15.00,1.000,3.000,N,N,N
BOSCH REAR H 381 380MM,10189,BOSCH REAR H 381 380MM,Tergicristalli,BOSCH REAR H 381 380MM,N,,,,,,,0.00,4047024230354,,,Y,Y,15.00,2.000,3.000,N,N,N
BOSCH REAR H 382 380MM,10191,BOSCH REAR H 382 380MM,Tergicristalli,BOSCH REAR H 382 380MM,N,,,,,,,0.00,4047024656420,,,Y,Y,15.00,1.000,3.000,N,N,N
BOSCH REAR H 383 380MM,10192,BOSCH REAR H 383 380MM,Tergicristalli,BOSCH REAR H 383 380MM,N,,,,,,,0.00,4047024909601,,,Y,Y,15.00,1.000,3.000,N,N,N
BOSCH REAR H 402 400MM,10194,BOSCH REAR H 402 400MM,Tergicristalli,BOSCH REAR H 402 400MM,N,,,,,,,0.00,3165143609262,,,Y,Y,15.00,1.000,3.000,N,N,N
BOSCH REAR H 403 400MM,10185,BOSCH REAR H 403 400MM,Tergicristalli,BOSCH REAR H 403 400MM,N,,,,,,,0.00,4047024927292,,,Y,Y,15.00,2.000,3.000,N,N,N
BOSCH REAR H 503 500MM,10188,BOSCH REAR H 503 500MM,Tergicristalli,BOSCH REAR H 503 500MM,N,,,,,,,0.00,3165143604786,,,Y,Y,15.00,1.000,3.000,N,N,N
BOSCH REAR H 801 260MM,10217,BOSCH REAR H 801 260MM,Tergicristalli,BOSCH REAR H 801 260MM,N,,,,,,,0.00,4047023136701,,,Y,Y,15.00,1.000,3.000,N,N,N
BOSCH REAR SPAZZOLA POSTERIORE A 250 H 250MM,10168,BOSCH REAR SPAZZOLA POSTERIORE A 250 H 250MM,Tergicristalli,BOSCH REAR SPAZZOLA POSTERIORE A 250 H 250MM,N,,,,,,,0.00,4047024312555,,,Y,Y,15.00,2.000,3.000,N,N,N
BOSCH REAR SPAZZOLA POSTERIORE A 252 H 250MM,10169,BOSCH REAR SPAZZOLA POSTERIORE A 252 H 250MM,Tergicristalli,BOSCH REAR SPAZZOLA POSTERIORE A 252 H 250MM,N,,,,,,,0.00,4047023061157,,,Y,Y,15.00,1.000,3.000,N,N,N
BOSCH REAR SPAZZOLA POSTERIORE A 280 H 280MM,10170,BOSCH REAR SPAZZOLA POSTERIORE A 280 H 280MM,Tergicristalli,BOSCH REAR SPAZZOLA POSTERIORE A 280 H 280MM,N,,,,,,,0.00,4047024110717,,,Y,Y,15.00,2.000,3.000,N,N,N
BOSCH REAR SPAZZOLA POSTERIORE A 283 H 280MM,10171,BOSCH REAR SPAZZOLA POSTERIORE A 283 H 280MM,Tergicristalli,BOSCH REAR SPAZZOLA POSTERIORE A 283 H 280MM,N,,,,,,,0.00,4047026241068,,,Y,Y,15.00,1.000,3.000,N,N,N
BOSCH REAR SPAZZOLA POSTERIORE A 325 H 325MM,10172,BOSCH REAR SPAZZOLA POSTERIORE A 325 H 325MM,Tergicristalli,BOSCH REAR SPAZZOLA POSTERIORE A 325 H 325MM,N,,,,,,,0.00,4047026183122,,,Y,Y,15.00,1.000,3.000,N,N,N
BOSCH REAR SPAZZOLA POSTERIORE A 334 H 330MM,10173,BOSCH REAR SPAZZOLA POSTERIORE A 334 H 330MM,Tergicristalli,BOSCH REAR SPAZZOLA POSTERIORE A 334 H 330MM,N,,,,,,,0.00,4047026199178,,,Y,Y,15.00,1.000,3.000,N,N,N
BOSCH REAR SPAZZOLA POSTERIORE A 340 H 340MM,10174,BOSCH REAR SPAZZOLA POSTERIORE A 340 H 340MM,Tergicristalli,BOSCH REAR SPAZZOLA POSTERIORE A 340 H 340MM,N,,,,,,,0.00,4047023019813,,,Y,Y,15.00,1.000,3.000,N,N,N
BOSCH REAR SPAZZOLA POSTERIORE A 360 H 380MM,10175,BOSCH REAR SPAZZOLA POSTERIORE A 360 H 380MM,Tergicristalli,BOSCH REAR SPAZZOLA POSTERIORE A 360 H 380MM,N,,,,,,,0.00,4047024875234,,,Y,Y,15.00,1.000,3.000,N,N,N
BOSCH REAR SPAZZOLA POSTERIORE A 400 H 400MM,10176,BOSCH REAR SPAZZOLA POSTERIORE A 400 H 400MM,Tergicristalli,BOSCH REAR SPAZZOLA POSTERIORE A 400 H 400MM,N,,,,,,,0.00,4047024151482,,,Y,Y,15.00,1.000,3.000,N,N,N
BOSCH REAR SPAZZOLA POSTERIORE A 404 H 400MM,10177,BOSCH REAR SPAZZOLA POSTERIORE A 404 H 400MM,Tergicristalli,BOSCH REAR SPAZZOLA POSTERIORE A 404 H 400MM,N,,,,,,,0.00,4047025920315,,,Y,Y,15.00,1.000,3.000,N,N,N
BOSCH REAR SPAZZOLA POSTERIORE AM 24 H 240MM,10178,BOSCH REAR SPAZZOLA POSTERIORE AM 24 H 240MM,Tergicristalli,BOSCH REAR SPAZZOLA POSTERIORE AM 24 H 240MM,N,,,,,,,0.00,4047026491913,,,Y,Y,15.00,5.000,3.000,N,N,N
BOSCH REAR SPAZZOLA POSTERIORE AM 28 H 280MM,10179,BOSCH REAR SPAZZOLA POSTERIORE AM 28 H 280MM,Tergicristalli,BOSCH REAR SPAZZOLA POSTERIORE AM 28 H 280MM,N,,,,,,,0.00,4047026491876,,,Y,Y,15.00,4.000,3.000,N,N,N
BOSCH REAR SPAZZOLA POSTERIORE AM 30 H 300MM,10180,BOSCH REAR SPAZZOLA POSTERIORE AM 30 H 300MM,Tergicristalli,BOSCH REAR SPAZZOLA POSTERIORE AM 30 H 300MM,N,,,,,,,0.00,4047026491920,,,Y,Y,15.00,4.000,3.000,N,N,N
BOSCH REAR SPAZZOLA POSTERIORE AM 33 H 330MM,10181,BOSCH REAR SPAZZOLA POSTERIORE AM 33 H 330MM,Tergicristalli,BOSCH REAR SPAZZOLA POSTERIORE AM 33 H 330MM,N,,,,,,,0.00,4047026491883,,,Y,Y,15.00,1.000,3.000,N,N,N
BOSCH REAR SPAZZOLA POSTERIORE AM 38 H 380MM,10182,BOSCH REAR SPAZZOLA POSTERIORE AM 38 H 380MM,Tergicristalli,BOSCH REAR SPAZZOLA POSTERIORE AM 38 H 380MM,N,,,,,,,0.00,4047026491890,,,Y,Y,15.00,3.000,3.000,N,N,N
BOSCH REAR SPAZZOLA POSTERIORE AM 40 H 400MM,10183,BOSCH REAR SPAZZOLA POSTERIORE AM 40 H 400MM,Tergicristalli,BOSCH REAR SPAZZOLA POSTERIORE AM 40 H 400MM,N,,,,,,,0.00,4047026491906,,,Y,Y,15.00,3.000,3.000,N,N,N
BOSCH REAR SPAZZOLA POSTERIORE H2304 300MM,10153,BOSCH REAR SPAZZOLA POSTERIORE H2304 300MM,Tergicristalli,BOSCH REAR SPAZZOLA POSTERIORE H2304 300MM,N,,,,,,,0.00,4047024208803,,,Y,Y,15.00,1.000,3.000,N,N,N
BOSCH REAR SPAZZOLA POSTERIORE H240 240MM,10151,BOSCH REAR SPAZZOLA POSTERIORE H240 240MM,Tergicristalli,BOSCH REAR SPAZZOLA POSTERIORE H240 240MM,N,,,,,,,0.00,4047025224048,,,Y,Y,15.00,1.000,3.000,N,N,N
BOSCH REAR SPAZZOLA POSTERIORE H280 280MM,10152,BOSCH REAR SPAZZOLA POSTERIORE H280 280MM,Tergicristalli,BOSCH REAR SPAZZOLA POSTERIORE H280 280MM,N,,,,,,,0.00,3165141090369,,,Y,Y,15.00,1.000,3.000,N,N,N
BOSCH REAR SPAZZOLA POSTERIORE H307 300MM,10154,BOSCH REAR SPAZZOLA POSTERIORE H307 300MM,Tergicristalli,BOSCH REAR SPAZZOLA POSTERIORE H307 300MM,N,,,,,,,0.00,4047025083140,,,Y,Y,15.00,1.000,3.000,N,N,N
BOSCH REAR SPAZZOLA POSTERIORE H312 300MM,10155,BOSCH REAR SPAZZOLA POSTERIORE H312 300MM,Tergicristalli,BOSCH REAR SPAZZOLA POSTERIORE H312 300MM,N,,,,,,,0.00,4047025233200,,,Y,Y,15.00,1.000,3.000,N,N,N
BOSCH REAR SPAZZOLA POSTERIORE H341 340MM,10156,BOSCH REAR SPAZZOLA POSTERIORE H341 340MM,Tergicristalli,BOSCH REAR SPAZZOLA POSTERIORE H341 340MM,N,,,,,,,0.00,3165143609217,,,Y,Y,15.00,0.000,3.000,N,N,N
BOSCH REAR SPAZZOLA POSTERIORE H351 350MM,10157,BOSCH REAR SPAZZOLA POSTERIORE H351 350MM,Tergicristalli,BOSCH REAR SPAZZOLA POSTERIORE H351 350MM,N,,,,,,,0.00,3165143604755,,,Y,Y,15.00,1.000,3.000,N,N,N
BOSCH REAR SPAZZOLA POSTERIORE H352 350MM,10158,BOSCH REAR SPAZZOLA POSTERIORE H352 350MM,Tergicristalli,BOSCH REAR SPAZZOLA POSTERIORE H352 350MM,N,,,,,,,0.00,4047024699250,,,Y,Y,15.00,2.000,3.000,N,N,N
BOSCH REAR SPAZZOLA POSTERIORE H354 350MM,10159,BOSCH REAR SPAZZOLA POSTERIORE H354 350MM,Tergicristalli,BOSCH REAR SPAZZOLA POSTERIORE H354 350MM,N,,,,,,,0.00,4047024699267,,,Y,Y,15.00,1.000,3.000,N,N,N
BOSCH REAR SPAZZOLA POSTERIORE H371 370MM,10160,BOSCH REAR SPAZZOLA POSTERIORE H371 370MM,Tergicristalli,BOSCH REAR SPAZZOLA POSTERIORE H371 370MM,N,,,,,,,0.00,4047025510592,,,Y,Y,15.00,1.000,3.000,N,N,N
BOSCH REAR SPAZZOLA POSTERIORE H380 380MM,10161,BOSCH REAR SPAZZOLA POSTERIORE H380 380MM,Tergicristalli,BOSCH REAR SPAZZOLA POSTERIORE H380 380MM,N,,,,,,,0.00,3165141087468,,,Y,Y,15.00,1.000,3.000,N,N,N
BOSCH REAR SPAZZOLA POSTERIORE H384 380MM,10162,BOSCH REAR SPAZZOLA POSTERIORE H384 380MM,Tergicristalli,BOSCH REAR SPAZZOLA POSTERIORE H384 380MM,N,,,,,,,0.00,4047025615051,,,Y,Y,15.00,1.000,3.000,N,N,N
BOSCH REAR SPAZZOLA POSTERIORE H400 400MM,10163,BOSCH REAR SPAZZOLA POSTERIORE H400 400MM,Tergicristalli,BOSCH REAR SPAZZOLA POSTERIORE H400 400MM,N,,,,,,,0.00,3165141087505,,,Y,Y,15.00,1.000,3.000,N,N,N
BOSCH REAR SPAZZOLA POSTERIORE H405 400MM,10164,BOSCH REAR SPAZZOLA POSTERIORE H405 400MM,Tergicristalli,BOSCH REAR SPAZZOLA POSTERIORE H405 400MM,N,,,,,,,0.00,4047023044440,,,Y,Y,15.00,1.000,3.000,N,N,N
BOSCH REAR SPAZZOLA POSTERIORE H450 450MM,10165,BOSCH REAR SPAZZOLA POSTERIORE H450 450MM,Tergicristalli,BOSCH REAR SPAZZOLA POSTERIORE H450 450MM,N,,,,,,,0.00,3165141087550,,,Y,Y,15.00,1.000,3.000,N,N,N
BOSCH REAR SPAZZOLA POSTERIORE H480 475MM,10166,BOSCH REAR SPAZZOLA POSTERIORE H480 475MM,Tergicristalli,BOSCH REAR SPAZZOLA POSTERIORE H480 475MM,N,,,,,,,0.00,3165141088175,,,Y,Y,15.00,1.000,3.000,N,N,N
BOSCH REAR SPAZZOLA POSTERIORE H500 500MM,10167,BOSCH REAR SPAZZOLA POSTERIORE H500 500MM,Tergicristalli,BOSCH REAR SPAZZOLA POSTERIORE H500 500MM,N,,,,,,,0.00,3165141087642,,,Y,Y,15.00,1.000,3.000,N,N,N
BOSCH TWIN H 375 375MM,10203,BOSCH TWIN H 375 375MM,Tergicristalli,BOSCH TWIN H 375 375MM,N,,,,,,,0.00,3165143604762,,,Y,Y,15.00,1.000,3.000,N,N,N
BOSCH TWIN H 502 500MM,10187,BOSCH TWIN H 502 500MM,Tergicristalli,BOSCH TWIN H 502 500MM,N,,,,,,,0.00,3165143609279,,,Y,Y,15.00,1.000,3.000,N,N,N
BOSCH TWIN H 753 380MM,10193,BOSCH TWIN H 753 380MM,Tergicristalli,BOSCH TWIN H 753 380MM,N,,,,,,,0.00,4047023046444,,,Y,Y,15.00,1.000,3.000,N,N,N
BOSCH TWIN SPOLIER ANT. 583 S 530/530MM,10133,BOSCH TWIN SPOLIER ANT. 583 S 530/530MM,Tergicristalli,BOSCH TWIN SPOLIER ANT. 583 S 530/530MM,N,,,,,,,0.00,3165141094992,,,Y,Y,40.00,1.000,3.000,N,N,N
BOSH TWIN ANT. 280 280/280MM,10132,BOSH TWIN ANT. 280 280/280MM,Tergicristalli,BOSH TWIN ANT. 280 280/280MM,N,,,,,,,0.00,3165143196953,,,Y,Y,30.00,1.000,3.000,N,N,N
BOSH TWIN ANT. 609 600/600MM,10131,BOSH TWIN ANT. 609 600/600MM,Tergicristalli,BOSH TWIN ANT. 609 600/600MM,N,,,,,,,0.00,3165143935484,,,Y,Y,35.00,2.000,3.000,N,N,N
BRILLIANT LUCIDACRUSCOTTI 600ML,10067,BRILLIANT LUCIDACRUSCOTTI 600ML,Uso interno,BRILLIANT LUCIDACRUSCOTTI 600ML,N,,,,,,,0.00,8027486708963,,,Y,Y,8.00,18.000,3.000,N,N,N
"buono-carburante-€10,00",10500,"Buono Carburante €10,00",BUONI,,N,,,,,,,0.00,ENI-bnc-0010,,,N,Y,10.00,,,N,N,N
"buono-carburante-€20,00",10501,"Buono Carburante €20,00",BUONI,,N,,,,,,,0.00,ENI-bnc-0020,,,N,Y,20.00,,,N,N,N
"buono-carburante-€50,00",10502,"Buono Carburante €50,00",BUONI,,N,,,,,,,0.00,ENI-bnc-0050,,,N,Y,50.00,,,N,N,N
buono-lavaggaio-interno,10503,Buono Lavaggaio Interno,BUONI,,N,,,,,,,0.00,ENI-lvi-0001,,,N,Y,22.00,,,N,N,N
buono-lavaggio-completo,10505,Buono Lavaggio Completo,BUONI,,N,,,,,,,0.00,ENI-lvc-0003,,,N,Y,28.00,,,N,N,N
buono-lavaggio-esterno,10504,Buono Lavaggio Esterno,BUONI,,N,,,,,,,0.00,ENI-lve-0002,,,N,Y,14.00,,,N,N,N
caffè,10487,Caffè,Bar,,N,,,,,,,0.00,,,,N,Y,1.00,,,N,N,N
CALZA PARASOLE IN TESSUTO TG. M,10370,CALZA PARASOLE IN TESSUTO TG. M,Accessori,CALZA PARASOLE IN TESSUTO TG. M,N,,,,,,,0.00,3221320780916,,,Y,Y,23.00,1.000,3.000,N,N,N
CALZE DA NEVE AUTOSOCK - MISURA 54,10296,CALZE DA NEVE AUTOSOCK - MISURA 54,Catene,CALZE DA NEVE AUTOSOCK - MISURA 54,N,,,,,,,0.00,7090005001549,,,Y,Y,60.00,1.000,3.000,N,N,N
CALZE DA NEVE AUTOSOCK - MISURA 605,10298,CALZE DA NEVE AUTOSOCK - MISURA 605,Catene,CALZE DA NEVE AUTOSOCK - MISURA 605,N,,,,,,,0.00,7090005006056,,,Y,Y,80.00,5.000,3.000,N,N,N
CALZE DA NEVE AUTOSOCK - MISURA 625,10299,CALZE DA NEVE AUTOSOCK - MISURA 625,Catene,CALZE DA NEVE AUTOSOCK - MISURA 625,N,,,,,,,0.00,7090005006254,,,Y,Y,80.00,2.000,3.000,N,N,N
CALZE DA NEVE AUTOSOCK - MISURA 66,10297,CALZE DA NEVE AUTOSOCK - MISURA 66,Catene,CALZE DA NEVE AUTOSOCK - MISURA 66,N,,,,,,,0.00,7090005001662,,,Y,Y,60.00,5.000,3.000,N,N,N
CALZE DA NEVE AUTOSOCK - MISURA 698,10300,CALZE DA NEVE AUTOSOCK - MISURA 698,Catene,CALZE DA NEVE AUTOSOCK - MISURA 698,N,,,,,,,0.00,7090005000252,,,Y,Y,85.00,2.000,3.000,N,N,N
CALZE DA NEVE AUTOSOCK - MISURA 699,10301,CALZE DA NEVE AUTOSOCK - MISURA 699,Catene,CALZE DA NEVE AUTOSOCK - MISURA 699,N,,,,,,,0.00,7090005006995,,,Y,Y,85.00,2.000,3.000,N,N,N
CALZE DA NEVE FIX&GOTEX - GRUPPO D - 060,10295,CALZE DA NEVE FIX&GOTEX - GRUPPO D - 060,Catene,CALZE DA NEVE FIX&GOTEX - GRUPPO D - 060,N,,,,,,,0.00,3284550007031,,,Y,Y,60.00,1.000,3.000,N,N,N
CAR ELIMINA ODORI PERSISTENTI ,10342,CAR ELIMINA ODORI PERSISTENTI,Accessori,CAR ELIMINA ODORI PERSISTENTI ,N,,,,,,,0.00,4084500942455,,,Y,Y,4.50,2.000,3.000,N,N,N
CAR FLORES Y BRISA ,10364,CAR FLORES Y BRISA,Accessori,CAR FLORES Y BRISA ,N,,,,,,,0.00,5410076328291,,,Y,Y,7.00,1.000,3.000,N,N,N
CAR PROFUMO BRISA MARINA,10343,CAR PROFUMO BRISA MARINA,Accessori,<p>CAR PROFUMO BRISA MARINA</p>,N,,,,,,,0.00,4015600641580,,,Y,Y,4.50,6.000,,N,N,N
CAR PROFUMO SKY AIRE FRESCHO,10344,CAR PROFUMO SKY AIRE FRESCHO,Accessori,CAR PROFUMO SKY AIRE FRESCHO,N,,,,,,,0.00,4015600641405,,,Y,Y,4.50,1.000,3.000,N,N,N
CAR PROMFUMO ANTITABACCO ,10341,CAR PROMFUMO ANTITABACCO,Accessori,<p>CAR PROFUMO ANTITABACCO</p>,N,,,,,,,0.00,8001090245311,,,Y,Y,4.50,3.000,3.000,N,N,N
CAR PROMFUMO AUTO NUOVA,10340,CAR PROMFUMO AUTO NUOVA,Accessori,CAR PROMFUMO AUTO NUOVA,N,,,,,,,0.00,8006540342039,,,Y,Y,4.50,1.000,3.000,N,N,N
CARTA STAMAPANTE PER TACHIGRAFO 3PZ,10026,CARTA STAMAPANTE PER TACHIGRAFO 3PZ,Accessori,CARTA STAMAPANTE PER TACHIGRAFO 3PZ,N,,,,,,,0.00,4103590250025,,,Y,Y,1.00,1.000,3.000,N,N,N
CATENA DA NEVE CB-12 - 080,10231,CATENA DA NEVE CB-12 - 080,Catene,CATENA DA NEVE CB-12 - 080,N,,,,,,,0.00,8005438011101,,,Y,Y,90.00,1.000,3.000,N,N,N
CATENA DA NEVE CB-12 - 090,10232,CATENA DA NEVE CB-12 - 090,Catene,CATENA DA NEVE CB-12 - 090,N,,,,,,,0.00,8005438011132,,,Y,Y,95.00,1.000,3.000,N,N,N
CATENA DA NEVE CB-12 - 100,10233,CATENA DA NEVE CB-12 - 100,Catene,CATENA DA NEVE CB-12 - 100,N,,,,,,,0.00,8005438011552,,,Y,Y,100.00,1.000,3.000,N,N,N
CATENA DA NEVE CD-9 - 035,10237,CATENA DA NEVE CD-9 - 035,Catene,CATENA DA NEVE CD-9 - 035,N,,,,,,,0.00,8005438007746,,,Y,Y,110.00,0.000,3.000,N,N,N
CATENA DA NEVE CD-9 - 040,10238,CATENA DA NEVE CD-9 - 040,Catene,CATENA DA NEVE CD-9 - 040,N,,,,,,,0.00,8005438007760,,,Y,Y,110.00,1.000,3.000,N,N,N
CATENA DA NEVE CD-9 - 050,10239,CATENA DA NEVE CD-9 - 050,Catene,CATENA DA NEVE CD-9 - 050,N,,,,,,,0.00,8005438007784,,,Y,Y,120.00,1.000,3.000,N,N,N
CATENA DA NEVE CD-9 - 065,10240,CATENA DA NEVE CD-9 - 065,Catene,CATENA DA NEVE CD-9 - 065,N,,,,,,,0.00,8005438007821,,,Y,Y,130.00,2.000,3.000,N,N,N
CATENA DA NEVE CD-9 - 080,10241,CATENA DA NEVE CD-9 - 080,Catene,CATENA DA NEVE CD-9 - 080,N,,,,,,,0.00,8005438009351,,,Y,Y,140.00,2.000,3.000,N,N,N
CATENA DA NEVE CG-10 T2 MAGIC - 050,10253,CATENA DA NEVE CG-10 T2 MAGIC - 050,Catene,CATENA DA NEVE CG-10 T2 MAGIC - 050,N,,,,,,,0.00,8005438009535,,,Y,Y,130.00,1.000,3.000,N,N,N
CATENA DA NEVE CG-9 - 050,10242,CATENA DA NEVE CG-9 - 050,Catene,CATENA DA NEVE CG-9 - 050,N,,,,,,,0.00,8005438009283,,,Y,Y,135.00,1.000,3.000,N,N,N
CATENA DA NEVE CG-9 - 060,10243,CATENA DA NEVE CG-9 - 060,Catene,CATENA DA NEVE CG-9 - 060,N,,,,,,,0.00,8005438009313,,,Y,Y,150.00,0.000,3.000,N,N,N
CATENA DA NEVE CG-9 - 065,10244,CATENA DA NEVE CG-9 - 065,Catene,CATENA DA NEVE CG-9 - 065,N,,,,,,,0.00,8005438009320,,,Y,Y,155.00,1.000,3.000,N,N,N
CATENA DA NEVE CG-9 - 070,10245,CATENA DA NEVE CG-9 - 070,Catene,CATENA DA NEVE CG-9 - 070,N,,,,,,,0.00,8005438009337,,,Y,Y,160.00,6.000,3.000,N,N,N
CATENA DA NEVE CG-9 - 075,10247,CATENA DA NEVE CG-9 - 075,Catene,CATENA DA NEVE CG-9 - 075,N,,,,,,,0.00,8005438009344,,,Y,Y,160.00,1.000,3.000,N,N,N
CATENA DA NEVE CG-9 - 080 ,10248,CATENA DA NEVE CG-9 - 080,Catene,CATENA DA NEVE CG-9 - 080 ,N,,,,,,,0.00,8005438009351,,,Y,Y,170.00,2.000,3.000,N,N,N
CATENA DA NEVE CG-9 - 090,10249,CATENA DA NEVE CG-9 - 090,Catene,CATENA DA NEVE CG-9 - 090,N,,,,,,,0.00,8005438009368,,,Y,Y,175.00,1.000,3.000,N,N,N
CATENA DA NEVE CG-9 - 095,10250,CATENA DA NEVE CG-9 - 095,Catene,CATENA DA NEVE CG-9 - 095,N,,,,,,,0.00,8005438009375,,,Y,Y,180.00,3.000,3.000,N,N,N
CATENA DA NEVE CG-9 - 097,10251,CATENA DA NEVE CG-9 - 097,Catene,CATENA DA NEVE CG-9 - 097,N,,,,,,,0.00,8005438009382,,,Y,Y,180.00,0.000,3.000,N,N,N
CATENA DA NEVE CG-9 CONFORT MAGIC - 070,10246,CATENA DA NEVE CG-9 CONFORT MAGIC - 070,Catene,CATENA DA NEVE CG-9 CONFORT MAGIC - 070,N,,,,,,,0.00,8005438009108,,,Y,Y,170.00,1.000,3.000,N,N,N
CATENA DA NEVE CG-9 CONFORT MAGIC - 097,10252,CATENA DA NEVE CG-9 CONFORT MAGIC - 097,Catene,CATENA DA NEVE CG-9 CONFORT MAGIC - 097,N,,,,,,,0.00,8005438009153,,,Y,Y,190.00,4.000,3.000,N,N,N
CATENA DA NEVE CL-10 - 100,10234,CATENA DA NEVE CL-10 - 100,Catene,CATENA DA NEVE CL-10 - 100,N,,,,,,,0.00,8005438014133,,,Y,Y,190.00,1.000,3.000,N,N,N
CATENA DA NEVE CL-10 - 102 ,10235,CATENA DA NEVE CL-10 - 102,Catene,CATENA DA NEVE CL-10 - 102 ,N,,,,,,,0.00,8005438014140,,,Y,Y,200.00,2.000,3.000,N,N,N
CATENA DA NEVE CL-10 - 105 ,10236,CATENA DA NEVE CL-10 - 105,Catene,CATENA DA NEVE CL-10 - 105 ,N,,,,,,,0.00,8005438014942,,,Y,Y,230.00,3.000,3.000,N,N,N
CATENA DA NEVE CONFORT MAGIC MISURA 050,10227,CATENA DA NEVE CONFORT MAGIC MISURA 050,Catene,CATENA DA NEVE CONFORT MAGIC MISURA 050,N,,,,,,,0.00,8005438300502,,,Y,Y,120.00,1.000,3.000,N,N,N
CATENA DA NEVE K7 MISURA 085,10228,CATENA DA NEVE K7 MISURA 085,Catene,CATENA DA NEVE K7 MISURA 085,N,,,,,,,0.00,2000000130354,,,Y,Y,150.00,1.000,3.000,N,N,N
CATENA DA NEVE T2 NO PROBLEM - MISURA 250,10229,CATENA DA NEVE T2 NO PROBLEM - MISURA 250,Catene,CATENA DA NEVE T2 NO PROBLEM - MISURA 250,N,,,,,,,0.00,8005438012504,,,Y,Y,150.00,1.000,3.000,N,N,N
CATENA DA NEVE T2 NO PROBLEM - MISURA 255,10230,CATENA DA NEVE T2 NO PROBLEM - MISURA 255,Catene,CATENA DA NEVE T2 NO PROBLEM - MISURA 255,N,,,,,,,0.00,8005438012559,,,Y,Y,150.00,1.000,3.000,N,N,N
CATENE DA NEVE CLACK&GO SUV - MISURA 11,10291,CATENE DA NEVE CLACK&GO SUV - MISURA 11,Catene,CATENE DA NEVE CLACK&GO SUV - MISURA 11,N,,,,,,,0.00,,,,Y,Y,190.00,1.000,3.000,N,N,N
CATENE DA NEVE CLACK&GO SUV - MISURA 12/B,10292,CATENE DA NEVE CLACK&GO SUV - MISURA 12/B,Catene,CATENE DA NEVE CLACK&GO SUV - MISURA 12/B,N,,,,,,,0.00,8001879080294,,,Y,Y,200.00,1.000,3.000,N,N,N
CATENE DA NEVE CLACK&GO SUV - MISURA 12/C,10293,CATENE DA NEVE CLACK&GO SUV - MISURA 12/C,Catene,CATENE DA NEVE CLACK&GO SUV - MISURA 12/C,N,,,,,,,0.00,8001879080300,,,Y,Y,200.00,1.000,3.000,N,N,N
CATENE DA NEVE CLACK&GO SUV - MISURA 8,10289,CATENE DA NEVE CLACK&GO SUV - MISURA 8,Catene,CATENE DA NEVE CLACK&GO SUV - MISURA 8,N,,,,,,,0.00,,,,Y,Y,170.00,4.000,3.000,N,N,N
CATENE DA NEVE CLACK&GO SUV - MISURA 9,10290,CATENE DA NEVE CLACK&GO SUV - MISURA 9,Catene,CATENE DA NEVE CLACK&GO SUV - MISURA 9,N,,,,,,,0.00,8001879080249,,,Y,Y,180.00,0.000,3.000,N,N,N
CATENE DA NEVE E-12 MISURA 050,10271,CATENE DA NEVE E-12 MISURA 050,Catene,CATENE DA NEVE E-12 MISURA 050,N,,,,,,,0.00,8005438090502,,,Y,Y,90.00,3.000,3.000,N,N,N
CATENE DA NEVE E-12 MISURA 060,10272,CATENE DA NEVE E-12 MISURA 060,Catene,CATENE DA NEVE E-12 MISURA 060,N,,,,,,,0.00,8005438090601,,,Y,Y,90.00,2.000,3.000,N,N,N
CATENE DA NEVE E-12 MISURA 100,10273,CATENE DA NEVE E-12 MISURA 100,Catene,CATENE DA NEVE E-12 MISURA 100,N,,,,,,,0.00,8005438091004,,,Y,Y,100.00,2.000,3.000,N,N,N
CATENE DA NEVE E-9 MISURA 020,10254,CATENE DA NEVE E-9 MISURA 020,Catene,CATENE DA NEVE E-9 MISURA 020,N,,,,,,,0.00,8005438006589,,,Y,Y,100.00,1.000,3.000,N,N,N
CATENE DA NEVE E-9 MISURA 030,10255,CATENE DA NEVE E-9 MISURA 030,Catene,CATENE DA NEVE E-9 MISURA 030,N,,,,,,,0.00,8005438006596,,,Y,Y,100.00,4.000,3.000,N,N,N
CATENE DA NEVE E-9 MISURA 035,10256,CATENE DA NEVE E-9 MISURA 035,Catene,CATENE DA NEVE E-9 MISURA 035,N,,,,,,,0.00,8005438006602,,,Y,Y,100.00,4.000,3.000,N,N,N
CATENE DA NEVE E-9 MISURA 040,10257,CATENE DA NEVE E-9 MISURA 040,Catene,CATENE DA NEVE E-9 MISURA 040,N,,,,,,,0.00,8005438006619,,,Y,Y,100.00,2.000,3.000,N,N,N
CATENE DA NEVE E-9 MISURA 045,10258,CATENE DA NEVE E-9 MISURA 045,Catene,CATENE DA NEVE E-9 MISURA 045,N,,,,,,,0.00,8005438006626,,,Y,Y,100.00,12.000,3.000,N,N,N
CATENE DA NEVE E-9 MISURA 050,10259,CATENE DA NEVE E-9 MISURA 050,Catene,CATENE DA NEVE E-9 MISURA 050,N,,,,,,,0.00,8005438006633,,,Y,Y,100.00,6.000,3.000,N,N,N
CATENE DA NEVE E-9 MISURA 055,10260,CATENE DA NEVE E-9 MISURA 055,Catene,CATENE DA NEVE E-9 MISURA 055,N,,,,,,,0.00,8005438006640,,,Y,Y,100.00,4.000,3.000,N,N,N
CATENE DA NEVE E-9 MISURA 060,10261,CATENE DA NEVE E-9 MISURA 060,Catene,CATENE DA NEVE E-9 MISURA 060,N,,,,,,,0.00,8005438006657,,,Y,Y,100.00,1.000,3.000,N,N,N
CATENE DA NEVE E-9 MISURA 065,10262,CATENE DA NEVE E-9 MISURA 065,Catene,CATENE DA NEVE E-9 MISURA 065,N,,,,,,,0.00,8005438006664,,,Y,Y,100.00,6.000,3.000,N,N,N
CATENE DA NEVE E-9 MISURA 070,10263,CATENE DA NEVE E-9 MISURA 070,Catene,CATENE DA NEVE E-9 MISURA 070,N,,,,,,,0.00,8005438006671,,,Y,Y,100.00,5.000,3.000,N,N,N
CATENE DA NEVE E-9 MISURA 075,10264,CATENE DA NEVE E-9 MISURA 075,Catene,CATENE DA NEVE E-9 MISURA 075,N,,,,,,,0.00,8005438006442,,,Y,Y,100.00,1.000,3.000,N,N,N
CATENE DA NEVE E-9 MISURA 080,10265,CATENE DA NEVE E-9 MISURA 080,Catene,CATENE DA NEVE E-9 MISURA 080,N,,,,,,,0.00,8005438006688,,,Y,Y,100.00,-1.000,3.000,N,N,N
CATENE DA NEVE E-9 MISURA 090,10266,CATENE DA NEVE E-9 MISURA 090,Catene,CATENE DA NEVE E-9 MISURA 090,N,,,,,,,0.00,8005438006695,,,Y,Y,100.00,1.000,3.000,N,N,N
CATENE DA NEVE E-9 MISURA 095,10267,CATENE DA NEVE E-9 MISURA 095,Catene,CATENE DA NEVE E-9 MISURA 095,N,,,,,,,0.00,8005438006701,,,Y,Y,100.00,3.000,3.000,N,N,N
CATENE DA NEVE E-9 MISURA 097,10268,CATENE DA NEVE E-9 MISURA 097,Catene,CATENE DA NEVE E-9 MISURA 097,N,,,,,,,0.00,8005438006718,,,Y,Y,100.00,2.000,3.000,N,N,N
CATENE DA NEVE E-9 MISURA 097 (VECCHIE),10270,CATENE DA NEVE E-9 MISURA 097 (VECCHIE),Catene,CATENE DA NEVE E-9 MISURA 097 (VECCHIE),N,,,,,,,0.00,8005438100973,,,Y,Y,100.00,4.000,3.000,N,N,N
CATENE DA NEVE E-9 MISURA 100,10269,CATENE DA NEVE E-9 MISURA 100,Catene,CATENE DA NEVE E-9 MISURA 100,N,,,,,,,0.00,8005438006725,,,Y,Y,100.00,4.000,3.000,N,N,N
CATENE DA NEVE GRIPTECH-9 GRUPPO 12,10281,CATENE DA NEVE GRIPTECH-9 GRUPPO 12,Catene,CATENE DA NEVE GRIPTECH-9 GRUPPO 12,N,,,,,,,0.00,8010718421129,,,Y,Y,70.00,2.000,3.000,N,N,N
CATENE DA NEVE GRIPTECH-9 GRUPPO 13,10282,CATENE DA NEVE GRIPTECH-9 GRUPPO 13,Catene,CATENE DA NEVE GRIPTECH-9 GRUPPO 13,N,,,,,,,0.00,8010718421013,,,Y,Y,70.00,2.000,3.000,N,N,N
CATENE DA NEVE MAXIGRIP GR.113,10283,CATENE DA NEVE MAXIGRIP GR.113,Catene,CATENE DA NEVE MAXIGRIP GR.113,N,,,,,,,0.00,8010718421136,,,Y,Y,100.00,1.000,3.000,N,N,N
CATENE DA NEVE MAXIGRIP GR.114,10284,CATENE DA NEVE MAXIGRIP GR.114,Catene,CATENE DA NEVE MAXIGRIP GR.114,N,,,,,,,0.00,8010718421143,,,Y,Y,100.00,1.000,3.000,N,N,N
CATENE DA NEVE MAXIGRIP GR.117,10285,CATENE DA NEVE MAXIGRIP GR.117,Catene,CATENE DA NEVE MAXIGRIP GR.117,N,,,,,,,0.00,8010718421174,,,Y,Y,110.00,0.000,3.000,N,N,N
CATENE DA NEVE MAXIGRIP GR.118,10286,CATENE DA NEVE MAXIGRIP GR.118,Catene,CATENE DA NEVE MAXIGRIP GR.118,N,,,,,,,0.00,8010718421181,,,Y,Y,110.00,1.000,3.000,N,N,N
CATENE DA NEVE MAXIGRIP GR.119,10287,CATENE DA NEVE MAXIGRIP GR.119,Catene,CATENE DA NEVE MAXIGRIP GR.119,N,,,,,,,0.00,8010718421198,,,Y,Y,115.00,1.000,3.000,N,N,N
CATENE DA NEVE MAXIGRIP GR.120,10288,CATENE DA NEVE MAXIGRIP GR.120,Catene,CATENE DA NEVE MAXIGRIP GR.120,N,,,,,,,0.00,8010718421204,,,Y,Y,115.00,2.000,3.000,N,N,N
CATENE DA NEVE REX TR  - GRUPPO TR 102,10294,CATENE DA NEVE REX TR  - GRUPPO TR 102,Catene,CATENE DA NEVE REX TR  - GRUPPO TR 102,N,,,,,,,0.00,8001879016408,,,Y,Y,200.00,1.000,3.000,N,N,N
CATENE DA NEVE SUVGRIP 12MM - GRUPPO 213,10274,CATENE DA NEVE SUVGRIP 12MM - GRUPPO 213,Catene,CATENE DA NEVE SUVGRIP 12MM - GRUPPO 213,N,,,,,,,0.00,8010718422133,,,Y,Y,90.00,1.000,3.000,N,N,N
CATENE DA NEVE SUVGRIP 12MM - GRUPPO 215,10275,CATENE DA NEVE SUVGRIP 12MM - GRUPPO 215,Catene,CATENE DA NEVE SUVGRIP 12MM - GRUPPO 215,N,,,,,,,0.00,8010718422157,,,Y,Y,90.00,1.000,3.000,N,N,N
CATENE DA NEVE SUVGRIP 12MM - GRUPPO 216,10276,CATENE DA NEVE SUVGRIP 12MM - GRUPPO 216,Catene,CATENE DA NEVE SUVGRIP 12MM - GRUPPO 216,N,,,,,,,0.00,8010718422164,,,Y,Y,90.00,2.000,3.000,N,N,N
CATENE DA NEVE SUVGRIP 12MM - GRUPPO 219,10277,CATENE DA NEVE SUVGRIP 12MM - GRUPPO 219,Catene,CATENE DA NEVE SUVGRIP 12MM - GRUPPO 219,N,,,,,,,0.00,8010718422195,,,Y,Y,100.00,3.000,3.000,N,N,N
CATENE DA NEVE SUVGRIP 12MM - GRUPPO 220,10278,CATENE DA NEVE SUVGRIP 12MM - GRUPPO 220,Catene,CATENE DA NEVE SUVGRIP 12MM - GRUPPO 220,N,,,,,,,0.00,8010718422201,,,Y,Y,100.00,3.000,3.000,N,N,N
CATENE DA NEVE SUVGRIP 12MM - GRUPPO 221,10279,CATENE DA NEVE SUVGRIP 12MM - GRUPPO 221,Catene,CATENE DA NEVE SUVGRIP 12MM - GRUPPO 221,N,,,,,,,0.00,8010718422218,,,Y,Y,105.00,0.000,3.000,N,N,N
CATENE DA NEVE SUVGRIP 12MM - GRUPPO 222,10280,CATENE DA NEVE SUVGRIP 12MM - GRUPPO 222,Catene,CATENE DA NEVE SUVGRIP 12MM - GRUPPO 222,N,,,,,,,0.00,8010718422225,,,Y,Y,110.00,5.000,3.000,N,N,N
"CAVI BATTERIA AUTO 3,5M 700A - 5,5L",10094,"CAVI BATTERIA AUTO 3,5M 700A - 5,5L",Accessori,"CAVI BATTERIA AUTO 3,5M 700A - 5,5L",N,,,,,,,0.00,5055175234960,,,Y,Y,42.00,1.000,3.000,N,N,N
"CAVI BATTERIA AUTO 3M 300A - 3,5L",10095,"CAVI BATTERIA AUTO 3M 300A - 3,5L",Accessori,"CAVI BATTERIA AUTO 3M 300A - 3,5L",N,,,,,,,0.00,5011274016081,,,Y,Y,32.00,1.000,3.000,N,N,N
cavo-iphone-nero-1mt,10538,Cavo iPhone nero 1mt,Accessori,,N,,,,,,,0.00,18010718086721,,,Y,Y,5.00,4.000,2.000,N,N,N
CAVO RICARICA USB-IPHONE 1M BIANCO,10362,CAVO RICARICA USB-IPHONE 1M BIANCO,Accessori,CAVO RICARICA USB-IPHONE 1M BIANCO,N,,,,,,,0.00,8010718086731,,,Y,Y,8.00,5.000,3.000,N,N,N
CAVO RICARICA USB-TYPE C 1M NERO,10361,CAVO RICARICA USB-TYPE C 1M NERO,Accessori,CAVO RICARICA USB-TYPE C 1M NERO,N,,,,,,,0.00,8010718086762,,,Y,Y,8.00,4.000,3.000,N,N,N
CENERE MAGICA MELA VERDE,10347,CENERE MAGICA MELA VERDE,Accessori,CENERE MAGICA MELA VERDE,N,,,,,,,0.00,,,,Y,Y,5.00,4.000,3.000,N,N,N
CENERE MAGICA PINO,10348,CENERE MAGICA PINO,Accessori,CENERE MAGICA PINO,N,,,,,,,0.00,,,,Y,Y,5.00,3.000,3.000,N,N,N
CERA PORTALE AUTOLAVAGGIO 25LT,10302,CERA PORTALE AUTOLAVAGGIO 25LT,Uso interno,CERA PORTALE AUTOLAVAGGIO 25LT,N,,,,,,,0.00,4016264026140,,,Y,Y,1.00,1.000,3.000,N,N,N
coppia-909-bosch,10465,COPPIA 909 BOSCH,Tergicristalli,<p>Coppia spazzole anteriori 909</p>,N,,,,,,,0.00,3165143387207,,,Y,Y,47.00,0.000,1.000,N,N,N
coppia-anteriore-universale-nero,10474,Coppia anteriore universale nero,Accessori,,N,,,,,,,0.00,8010718296697,,,Y,Y,60.00,0.000,0.000,N,N,N
coppia-anteriori-nero-antracite,10473,Coppia anteriori nero antracite,Accessori,,N,,,,,,,0.00,8010718295911,,,Y,Y,50.00,1.000,0.000,N,N,N
coppia-anteriori-universali-antracite,10475,Coppia anteriori universali antracite,Accessori,,N,,,,,,,0.00,8010718296635,,,Y,Y,60.00,0.000,0.000,N,N,N
COPPIA COPRISEDILE ANTERIORE NERO/ANTRACITE TG.M,10091,COPPIA COPRISEDILE ANTERIORE NERO/ANTRACITE TG.M,Accessori,<p>COPPIA COPRISEDILE ANTERIORE NERO/ANTRACITE TG.M</p>,N,,,,,,,0.00,8010718295829,,,Y,Y,63.00,0.000,,N,N,N
coppia-coprisedile-anteriori-fast&smart-nero|dubai-antracite,10542,Coppia coprisedile anteriori Fast&Smart Nero|Dubai antracite,Accessori,,N,,,,,,,37.20,8010718295812,,,Y,Y,63.00,0.000,,N,N,N
COPPIA COPRISEDILI ANTERIORI DOUBLE-FACE 50X120,10047,COPPIA COPRISEDILI ANTERIORI,Accessori,COPPIA COPRISEDILI ANTERIORI DOUBLE-FACE 50X120,N,,,,,,,0.00,8000692541890,,,Y,Y,40.00,1.000,3.000,N,N,N
coppia-coprisedili-fast&smart-nero/apollo-antracite-tg.-media,10511,Coppia Coprisedili Fast&Smart Nero/Apollo Antracite tg. Media,Accessori,,N,,,,,,,0.00,8010718295874,,,Y,Y,50.00,0.000,0.000,N,N,N
COPPIA COPRI SEDILE ANTERIORI TG. MEDIA TRAFORATO BLU,10043,Coppia Coprisedili Fast&Smart Nero/Dubai Avio tg.M,Accessori,COPPIA COPRI SEDILE ANTERIORI TG. MEDIA TRAFORATO BLU,N,,,,,,,0.00,8010718295805,,,Y,Y,50.00,0.000,3.000,N,N,N
coprisedile-anteriori-tg.m-ross-nero,10519,Coprisedile anteriori tg.M ross nero,Accessori,,N,,,,,,,0.00,8010718296956,,,Y,Y,50.00,0.000,,N,N,N
coprisedile-anteriori-tg.media-azzurri-nero,10518,Coprisedile anteriori tg.media azzurri-nero,Accessori,,N,,,,,,,0.00,8010718295836,,,Y,Y,50.00,0.000,,N,N,N
coprisedile-nero/graffio-antracite,10508,Coprisedile Nero/Graffio Antracite,Accessori,,N,,,,,,,0.00,8010718296819,,,Y,Y,50.00,0.000,0.000,N,N,N
coprisedili-fast&smart-nero/apollo-antracite,10450,Coprisedili fast&smart Nero/Apollo Antracite,Accessori,,N,,,,,,,31.80,8010718293054,,,Y,Y,50.00,0.000,,N,N,N
coprisedili-fast&smart-nero/apollo-avio,10533,Coprisedili fast&smart Nero/Apollo Avio,Accessori,,N,,,,,,,35.00,8010718293047,,,Y,Y,50.00,0.000,,N,N,N
COVER TELEFONO BIANCA TG.XL,10359,COVER TELEFONO BIANCA TG.XL,Accessori,COVER TELEFONO BIANCA TG.XL,N,,,,,,,0.00,8033830062070,,,Y,Y,15.00,1.000,3.000,N,N,N
COVER TELEFONO NERO TG.L,10360,COVER TELEFONO NERO TG.L,Accessori,COVER TELEFONO NERO TG.L,N,,,,,,,0.00,8033830061974,,,Y,Y,15.00,2.000,3.000,N,N,N
CRIC AUTO UNIVERSALE PANTOGRAFO ,10092,CRIC AUTO UNIVERSALE PANTOGRAFO,Accessori,CRIC AUTO UNIVERSALE PANTOGRAFO ,N,,,,,,,0.00,,,,Y,Y,24.00,1.000,3.000,N,N,N
CUSCINETTO SCAMOSCIATO TG. S,10354,CUSCINETTO SCAMOSCIATO TG. S,Accessori,CUSCINETTO SCAMOSCIATO TG. S,N,,,,,,,0.00,8000692371527,,,Y,Y,4.00,4.000,3.000,N,N,N
daygum-protex,10454,Daygum protex,Bar,,N,,,,,,,0.00,80818793,,,Y,Y,2.50,5.000,0.000,N,N,N
DEGHIACCIANTE VETRI 200ML,10010,DEGHIACCIANTE VETRI 200ML,Accessori,DEGHIACCIANTE VETRI 200ML,N,,,,,,,0.00,8001848041202,,,Y,Y,5.00,7.000,3.000,N,N,N
DEO CUBE FOREST,10345,DEO CUBE FOREST,Accessori,DEO CUBE FOREST,N,,,,,,,0.00,8005553013820,,,Y,Y,4.50,10.000,3.000,N,N,N
DEO CUBE VANIGLIA ,10346,DEO CUBE VANIGLIA,Accessori,DEO CUBE VANIGLIA ,N,,,,,,,0.00,8005553013851,,,Y,Y,4.50,7.000,3.000,N,N,N
DETERGENTE BMF 5LT,10314,DETERGENTE BMF 5LT,Uso interno,DETERGENTE BMF 5LT,N,,,,,,,0.00,4045989018512,,,Y,Y,1.00,1.000,3.000,N,N,N
detergente-vetro-antigelo-mignon-250ml,10462,Detergente vetro antigelo MIGNON 250ml,Accessori,<p>Detergente lavavetri concentrato 250ml antigelo MIGNON formato piccolo</p>,N,,,,,,,0.00,8006786515310,,,Y,Y,3.00,12.000,4.000,N,N,N
DETERSIVO LAVAGGIO PORTALE 25LT,10303,DETERSIVO LAVAGGIO PORTALE 25LT,Uso interno,DETERSIVO LAVAGGIO PORTALE 25LT,N,,,,,,,0.00,4016264017964,,,Y,Y,1.00,1.000,3.000,N,N,N
DIAMANT PLAST LUCIDACRUSCOTTI 600ML,10033,DIAMANT PLAST,Accessori,LUCIDACRUSCOTTI 600ML,N,,,,,,,0.00,8005553000745,,,Y,Y,10.00,5.000,3.000,N,N,N
DIESEL OK ADITIVO ANTIGELO PER GASOLIO 1L,10000,DIESEL OK,Accessori,ADDITIVO ANTIGELO PER GASOLIO 1L,N,,,,,,,0.00,8006786001035,,,Y,Y,15.00,8.000,3.000,N,N,N
DIESEL OK ADDITIVO FLUIDIFICANTE GASOLIO 250ML,10016,DIESEL OK,Accessori,ADDITIVO FLUIDIFICANTE GASOLIO 250ML,N,,,,,,,0.00,8006786628171,,,Y,Y,8.00,24.000,3.000,N,N,N
DIESELPRO - TECHT ADDITIVO DIESEL ANTIGELO 250ML,10017,DIESELPRO - TECHT,Accessori,ADDITIVO DIESEL ANTIGELO 250ML,N,,,,,,,0.00,8008747104830,,,Y,Y,8.00,29.000,3.000,N,N,N
DISCO ORARIO GRANDE ,10028,DISCO ORARIO GRANDE,Accessori,DISCO ORARIO GRANDE ,N,,,,,,,0.00,8010718202612,,,Y,Y,3.50,15.000,3.000,N,N,N
DISCO ORARIO PICCOLO,10027,DISCO ORARIO PICCOLO,Accessori,DISCO ORARIO PICCOLO,N,,,,,,,0.00,8010718202629,,,Y,Y,2.50,1.000,3.000,N,N,N
DISINFETTANTE DEODORANTE GERMODIS SPRY POLAR ICE 150ML,10226,DISINFETTANTE DEODORANTE GERMODIS SPRY POLAR ICE 150ML,Accessori,DISINFETTANTE DEODORANTE GERMODIS SPRY POLAR ICE 150ML,N,,,,,,,0.00,4050641254160,,,Y,Y,15.00,11.000,3.000,N,N,N
domecar,10404,DOMECAR,Lavaggi,,N,TIPO LAVAGGIO,COMPLETO,,,,,0.00,,,,N,Y,24.00,,,N,N,N
domecar,10405,,,,,,ESTERNO,,,,,0.00,,,,,Y,13.00,,,N,N,N
domecar,10395,,,,,,IDRO+RULLI,,,,,0.00,,,,,Y,10.00,,,N,N,N
domecar,10412,,,,,,INTERNO,,,,,0.00,,,,,Y,20.00,,,N,N,N
domecar,10413,,,,,,SOLO RULLI,,,,,0.00,,,,,Y,6.00,,,N,N,N
domecar,10421,,,,,,VARIABILE,,,,,0.00,,,,,Y,variable,,,N,N,N
"DOPPIA PRESA USB MINI 5V/2,1A ",10363,"DOPPIA PRESA USB MINI 5V/2,1A",Accessori,"DOPPIA PRESA USB MINI 5V/2,1A ",N,,,,,,,0.00,8010718208027,,,Y,Y,12.00,3.000,3.000,N,N,N
DUBLO TAPPETINO GOMMA NATURALE 34X47,10049,DUBLO TAPPETINO GOMMA NATURALE 34X47,Accessori,DUBLO TAPPETINO GOMMA NATURALE 34X47,N,,,,,,,0.00,8000692261620,,,Y,Y,12.00,3.000,3.000,N,N,N
fed-calcio,10435,FED CALCIO,Lavaggi,,N,TIPO LAVAGGIO,RULLI,,,,,0.00,,,,N,Y,6.00,,,N,N,N
fed-calcio,10436,,,,,,RULLI+IDRO,,,,,0.00,,,,,Y,10.00,,,N,N,N
fed-calcio,10437,,,,,,VARIABILE,,,,,0.00,,,,,Y,variable,,,N,N,N
FILTRAVEDO TENDINA PARASOLE 55CM,10044,FILTRAVEDO TENDINA,Accessori,FILTRAVEDO TENDINA PARASOLE 55CM,N,,,,,,,0.00,8010431905821,,,Y,Y,20.00,2.000,3.000,N,N,N
FRESCH CAR BABBO NATALE ,10366,FRESCH CAR BABBO NATALE,Accessori,FRESCH CAR BABBO NATALE ,N,,,,,,,0.00,8010718102677,,,Y,Y,3.00,20.000,3.000,N,N,N
frisk,10459,Frisk,Bar,,N,,,,,,,0.00,5412841601240,,,Y,Y,1.00,9.000,0.000,N,N,N
GECKO TENDINA PARASOLA 2 PZ 44*35CM,10378,GECKO TENDINA PARASOLA 2 PZ 44*35CM,Accessori,GECKO TENDINA PARASOLA 2 PZ 44*35CM,N,,,,,,,0.00,8010898109015,,,Y,Y,6.00,2.000,3.000,N,N,N
giò-essence,10492,Giò essence,Profumatori,,N,,,,,,,2.50,8054309080616,,,Y,Y,7.00,0.000,0.000,N,N,N
GLASS CLEAN ESHINE PULITORE VETRI 500ML,10036,GLASS CLEAN ESHINE PULITORE VETRI 500ML,Accessori,GLASS CLEAN ESHINE PULITORE VETRI 500ML,N,,,,,,,0.00,8005553000479,,,Y,Y,8.00,5.000,3.000,N,N,N
golia-activ-plus,10457,Golia activ plus,Bar,,N,,,,,,,0.00,80737018,,,Y,Y,2.50,4.000,0.000,N,N,N
GONFIA E RIPARA PNEUMATICI 300ML,10063,GONFIA E RIPARA PNEUMATICI 300ML,Accessori,GONFIA E RIPARA PNEUMATICI 300ML,N,,,,,,,0.00,8000692381403,,,Y,Y,10.00,1.000,3.000,N,N,N
gonfia-e-ripara-würth-300ml,10476,Gonfia e Ripara Würth 300ml,Accessori,<p>Gonfia e Ripara W&uuml;rth 300ml</p>,N,,,,,,,0.00,4045989019663,,,Y,Y,15.00,11.000,3.000,N,N,N
guerra,10434,GUERRA,Lavaggi,,N,TIPO LAVAGGIO,4 SEDILI,,,,,0.00,,,,N,Y,35.00,,,N,N,N
guerra,10393,,,,,,COMPLETO,,,,,0.00,,,,,Y,24.00,,,N,N,N
guerra,10394,,,,,,ESTERNO,,,,,0.00,,,,,Y,13.00,,,N,N,N
guerra,10416,,,,,,IDRO+RULLI,,,,,0.00,,,,,Y,10.00,,,N,N,N
guerra,10406,,,,,,INTERNO,,,,,0.00,,,,,Y,20.00,,,N,N,N
guerra,10433,,,,,,SEDILE SINGOLO,,,,,0.00,,,,,Y,10.00,,,N,N,N
guerra,10415,,,,,,SOLO RULLI,,,,,0.00,,,,,Y,6.00,,,N,N,N
guerra,10432,,,,,,TAPPEZZERIA,,,,,0.00,,,,,Y,49.00,,,N,N,N
guerra,10426,,,,,,VARIABILE,,,,,0.00,,,,,Y,variable,,,N,N,N
hermès-essence,10495,Hermès essence,Profumatori,,N,,,,,,,2.50,8054309080647,,,Y,Y,7.00,4.000,0.000,N,N,N
I-CARE POLISH SPRY 200ML,10011,I-CARE POLISH SPRY 200ML,Accessori,I-CARE POLISH SPRY 200ML,N,,,,,,,0.00,8006786650738,,,Y,Y,6.00,36.000,3.000,N,N,N
I-RIDE 10W40 SCOOTER 4T502014481,10098,I-RIDE 10W40 SCOOTER 4T502014481,Oli e lubrificanti,I-RIDE 10W40 SCOOTER 4T502014481,N,,,,,,,0.00,8003699008533,,,Y,Y,15.00,1.000,3.000,N,N,N
I-RIDE SCOOTER 2T 1L,10065,I-RIDE SCOOTER 2T 1L,Oli e lubrificanti,I-RIDE SCOOTER 2T 1L,N,,,,,,,0.00,8003699013070,,,Y,Y,15.00,19.000,3.000,N,N,N
i-sint-0w30-1l,10547,I-SINT 0W30 1L,Oli e lubrificanti,,N,,,,,,,0.00,8423178026771,,,Y,Y,18.00,3.000,,N,N,N
I-SINT 10W40 1L,10040,I-SINT 10W40 1L,Oli e lubrificanti,I-SINT 10W40 1L,N,,,,,,,0.00,8003699011618,,,Y,Y,18.00,20.000,3.000,N,N,N
i-sint-5w30,10516,I-Sint 5W30,Oli e lubrificanti,,N,,,,,,,0.00,4058214017099,,,Y,Y,18.00,21.000,0.000,N,N,N
I-SINT 5W30 1L,10038,I-SINT 5W30 1L,Oli e lubrificanti,I-SINT 5W30 1L,N,,,,,,,0.00,8003699011588,,,Y,Y,18.00,36.000,,N,N,N
I-SINT 5W40 1L,10039,I-SINT 5W40 1L,Oli e lubrificanti,I-SINT 5W40 1L,N,,,,,,,0.00,8003699012035,,,Y,Y,18.00,6.000,3.000,N,N,N
I-SINT P 0W30 1L,10037,I-SINT P 0W30 1L,Oli e lubrificanti,I-SINT P 0W30 1L,N,,,,,,,0.00,8423178026771,,,Y,Y,18.00,4.000,3.000,N,N,N
IGIENIZZANTE PER INTERNI PROFUMATO 10LT,10315,IGIENIZZANTE PER INTERNI PROFUMATO 10LT,Uso interno,IGIENIZZANTE PER INTERNI PROFUMATO 10LT,N,,,,,,,0.00,4046777763409,,,Y,Y,1.00,1.000,3.000,N,N,N
importo,10429,Importo,Bar,,N,,,,,,,0.00,,,,N,Y,variable,,,N,N,N
importo-manuale,10496,Importo manuale,,,N,,,,,,,0.00,,,,N,Y,variable,,,N,N,N
ippo,10399,IPPO,Lavaggi,,N,TIPO LAVAGGIO,COMPLETO,,,,,0.00,,,,N,Y,30.00,,,N,N,N
ippo,10464,,,,,,COMPLETO MACCHINA,,,,,0.00,,,,,Y,26.00,,,N,N,N
ippo,10400,,,,,,ESTERNO,,,,,0.00,,,,,Y,14.00,,,N,N,N
ippo,10414,,,,,,INTERNO,,,,,0.00,,,,,Y,20.00,,,N,N,N
ippo,10419,,,,,,VARIABILE,,,,,0.00,,,,,Y,variable,,,N,N,N
jolly-carrozzieri-cruscotti,10471,Jolly carrozzieri cruscotti,Accessori,,N,,,,,,,0.00,8006786002322,,,Y,Y,10.00,16.000,4.000,N,N,N
jolly-professional-cruscotti,10472,Jolly professional cruscotti,Accessori,,N,,,,,,,0.00,8006786389652,,,Y,Y,15.00,14.000,0.000,N,N,N
joly-talco-antistatico,10548,Joly talco antistatico,Accessori,,N,,,,,,,0.00,8006786389683,,,Y,Y,15.00,18.000,4.000,N,N,N
KIT DOT 4 LIQUIDO FRENI 250ML ,10008,KIT DOT 4,Accessori,KIT DOT 4 LIQUIDO FRENI 250ML ,N,,,,,,,0.00,8006786018323,,,Y,Y,5.00,0.000,3.000,N,N,N
kit-ripara-gomme-tubless,10477,KIT RIPARA GOMME TUBLESS,Accessori,<p>KIT RIPARA GOMME TUBLESS</p>,N,,,,,,,10.00,,,,Y,Y,variable,4.000,,N,N,N
kit-ripara-gomme-tubless-1,10478,KIT RIPARA GOMME TUBLESS,Accessori,<p>KIT RIPARA GOMME TUBLESS</p>,N,,,,,,,10.00,,,,Y,Y,variable,4.000,,N,N,N
lampadina-h4-12v55w,10537,Lampadina H4 12V55W,Accessori,,N,,,,,,,4.38,3221320087046,,,Y,Y,7.30,6.000,,N,N,N
lampadina-h4-12v60/55w-power-+80%,10536,Lampadina H4 12V60/55W power +80%,Accessori,,N,,,,,,,7.02,3221320087244,,,Y,Y,11.70,8.000,,N,N,N
LAMPADINA H7,10369,LAMPADINA H7,Accessori,LAMPADINA H7,N,,,,,,,0.00,4045727186480,,,Y,Y,10.00,1.000,3.000,N,N,N
lampadina-h7-12v55w,10534,Lampadina H7 12V55W,Accessori,,N,,,,,,,4.80,3221320087077,,,Y,Y,8.00,5.000,,N,N,N
lampadina-h7-12v55w-power-+80%,10535,Lampadina H7 12V55W power +80%,Accessori,,N,,,,,,,10.38,3221320087275,,,Y,Y,17.30,6.000,,N,N,N
lampadina-h7-michelin,10541,Lampadina H7 Michelin,Accessori,,N,,,,,,,0.00,3221320087176,,,Y,Y,16.00,4.000,1.000,N,N,N
lavaggio-a-mano-completo,10498,Lavaggio A Mano completo,Detailing,,N,,,,,,,0.00,,,,N,Y,variable,,,N,N,N
lavaggio-completo-domicilio,10526,Lavaggio Completo DOMICILIO,Lavaggi,,N,,,,,,,0.00,,,,N,Y,35.00,,,N,N,N
lavaggio-esterno-domicilio,10524,Lavaggio Esterno DOMICILIO,Lavaggi,,N,,,,,,,0.00,,,,N,Y,21.00,,,N,N,N
lavaggio-interno-domicilio,10523,Lavaggio Interno DOMICILIO,Lavaggi,,N,,,,,,,0.00,,,,N,Y,29.00,,,N,N,N
LAVATAPPEZZERIA 5LT,10310,LAVATAPPEZZERIA 5LT,Uso interno,LAVATAPPEZZERIA 5LT,N,,,,,,,0.00,,,,Y,Y,1.00,1.000,3.000,N,N,N
LUCIDA E RINNOVA E.L. PLASTICHE 10LT,10304,LUCIDA E RINNOVA E.L. PLASTICHE 10LT,Uso interno,LUCIDA E RINNOVA E.L. PLASTICHE 10LT,N,,,,,,,0.00,,,,Y,Y,1.00,1.000,3.000,N,N,N
lucidatura,10507,Lucidatura,Detailing,,N,,,,,,,0.00,,,,N,Y,variable,,,N,N,N
LUCIDO GOMME TRASPARENTE 25LT,10311,LUCIDO GOMME TRASPARENTE 25LT,Uso interno,LUCIDO GOMME TRASPARENTE 25LT,N,,,,,,,0.00,,,,Y,Y,1.00,1.000,3.000,N,N,N
M15 LAVAMOQUETTE 5LT,10316,M15 LAVAMOQUETTE 5LT,Uso interno,M15 LAVAMOQUETTE 5LT,N,,,,,,,0.00,,,,Y,Y,1.00,1.000,3.000,N,N,N
magic-lavagristalli-würth,10527,MAGIC lavagristalli Würth,Accessori,,N,,,,,,,0.70,4045989124350,,,Y,Y,3.00,157.000,10.000,N,N,N
milion-essence,10494,Milion essence,Profumatori,,N,,,,,,,2.50,8054309080623,,,Y,Y,7.00,3.000,0.000,N,N,N
MIRAGE RINNOVA FANALI ,10353,MIRAGE RINNOVA FANALI,Accessori,MIRAGE RINNOVA FANALI ,N,,,,,,,0.00,8002565082493,,,Y,Y,8.00,2.000,3.000,N,N,N
misura-liquidi-1000ml,10481,MISURA LIQUIDI 1000ML,Accessori,<p>CILINDRO MISURA LIQUIDI PP 1000ML TACCA 10ML</p>,N,,,,,,,0.00,,,,Y,Y,8.00,4.000,1.000,N,N,N
misura-liquidi-500ml,10482,MISURA LIQUIDI 500ML,Accessori,<p>CILINDRO MISURA LIQUIDI PP 500ML TACCA 5ML</p>,N,,,,,,,0.00,,,,Y,Y,8.00,4.000,1.000,N,N,N
motorstyle-di-gigi-bianchi,10521,MotorStyle di Gigi Bianchi,Lavaggi,,N,TIPO LAVAGGIO,INTERNO,,,,,0.00,,,,N,Y,20.00,,,Y,N,N
motorstyle-di-gigi-bianchi,10525,,,,,,Lavagggio Completo,,,,,0.00,,,,,Y,25.00,,,,,
motorstyle-di-gigi-bianchi,10522,,,,,,RULLI+IDRO,,,,,0.00,,,,,Y,10.00,,,,,
mr&mrs---sea-rose,10484,MR&MRS - SEA ROSE,Profumatori,<p>MR&amp;MRS FRAGRANCE BIG JOY SEA ROSE</p>,N,,,,,,,1.65,8053288296599,,,Y,Y,5.00,5.000,1.000,N,N,N
mr&mrs-big---joy-vanilla,10486,MR&MRS BIG - JOY VANILLA,Profumatori,<p>MR&amp;MRS FRAGRANCE BIG JOY VANILLA</p>,N,,,,,,,1.65,8053288296605,,,Y,Y,5.00,3.000,1.000,N,N,N
mr&mrs-tuberose,10483,MR&MRS TUBEROSE,Profumatori,<p>MR&amp;MRS FRAGRANCE BIG JOY TUBEROSE</p>,N,,,,,,,1.65,8053288296582,,,Y,Y,5.00,4.000,1.000,N,N,N
MULTITECH SPAZZOLA ANT. 350MM,10150,MULTITECH SPAZZOLA ANT. 350MM,Tergicristalli,MULTITECH SPAZZOLA ANT. 350MM,N,,,,,,,0.00,8054309080012,,,Y,Y,15.00,2.000,3.000,N,N,N
MULTITECH SPAZZOLA ANT. 450MM,10149,MULTITECH SPAZZOLA ANT. 450MM,Tergicristalli,MULTITECH SPAZZOLA ANT. 450MM,N,,,,,,,0.00,8054309080043,,,Y,Y,15.00,4.000,3.000,N,N,N
nanotecnologico-carrozzeria-lion,10517,Nanotecnologico carrozzeria LION,Detailing,,N,,,,,,,0.00,,,,N,Y,300.00,,,N,N,N
NERO GOMME 1LT,10062,NERO GOMME 1LT,Accessori,NERO GOMME 1LT,N,,,,,,,0.00,8002565083773,,,Y,Y,8.00,6.000,3.000,N,N,N
NO BRIN SBRINATORE 200ML,10003,NO BRIN,Accessori,SBRINATORE 200ML,N,,,,,,,0.00,8006786000410,,,Y,Y,5.00,7.000,3.000,N,N,N
NO H20 DISPERDENTE ACQUA 325ML,10021,NO H20,Accessori,DISPERDENTE ACQUA 325ML,N,,,,,,,0.00,8002565098456,,,Y,Y,12.00,4.000,3.000,N,N,N
noir-orchid-essence,10491,Noir Orchid essence,Profumatori,,N,,,,,,,2.50,8054309080852,,,Y,Y,7.00,5.000,0.000,N,N,N
OLIO MIX 2T MISCELA 1L,10064,OLIO MIX 2T MISCELA 1L,Oli e lubrificanti,OLIO MIX 2T MISCELA 1L,N,,,,,,,0.00,8003699012905,,,Y,Y,12.00,17.000,3.000,N,N,N
OLIO PER CAMBIO AUTOMATICO ATF 1LT,10042,OLIO PER CAMBIO AUTOMATICO ATF 1LT,Oli e lubrificanti,OLIO PER CAMBIO AUTOMATICO ATF 1LT,N,,,,,,,0.00,4027816228066,,,Y,Y,18.00,2.000,3.000,N,N,N
olio-sfuso,10438,OLIO SFUSO,Oli e lubrificanti,,Y,,,,,,,0.00,,,,N,Y,1.00,,,N,N,N
OZO LAVA INTERNI 5LT,10317,OZO LAVA INTERNI 5LT,Uso interno,OZO LAVA INTERNI 5LT,N,,,,,,,0.00,,,,Y,Y,1.00,1.000,3.000,N,N,N
P60 LEATHER CARE CREMA PELLE 1L,10023,P60 LEATHER CARE,Accessori,CREMA PELLE 1L,N,,,,,,,0.00,8006786635056,,,Y,Y,22.00,5.000,3.000,N,N,N
PANNO MICROATTIVO PULIZIA LUCIDATURA GRIGIO 40*40CM,10367,PANNO MICROATTIVO PULIZIA LUCIDATURA GRIGIO 40*40CM,Uso interno,PANNO MICROATTIVO PULIZIA LUCIDATURA GRIGIO 40*40CM,N,,,,,,,0.00,4048539832118,,,Y,Y,7.00,10.000,3.000,N,N,N
panno-microfibra-asciugatura,10510,Panno Microfibra Asciugatura,Accessori,,N,,,,,,,0.00,8032646174694,,,Y,Y,10.00,3.000,0.000,N,N,N
PANNO MICROFIBRA VERDE,10318,PANNO MICROFIBRA VERDE,Uso interno,PANNO MICROFIBRA VERDE,N,,,,,,,0.00,,,,Y,Y,5.00,50.000,3.000,N,N,N
PARABREZZA CLEANER 250ML MENTA,10006,PARABREZZA CLEANER,Accessori,PARABREZZA CLEANER 250ML MENTA,N,,,,,,,0.00,8006786000083,,,Y,Y,3.00,14.000,3.000,N,N,N
PARAFLU VIOLA RADIATORE 1L,10032,PARAFLU VIOLA,Accessori,PARAFLU VIOLA RADIATORE 1L,N,,,,,,,0.00,8002565080055,,,Y,Y,14.00,6.000,3.000,N,N,N
PARAGEL RADIATORE X7 -35 BLU 1L,10030,PARAGEL RADIATORE BLU,Accessori,PARAGEL RADIATORE X7 -35 BLU 1L,N,,,,,,,0.00,8006786002117,,,Y,Y,8.00,16.000,,N,N,N
PARAGEL RADIATORE SB -35 ROSA 1L,10031,PARAGEL RADIATORE ROSA 1L,Accessori,PARAGEL RADIATORE SB -35 ROSA 1L,N,,,,,,,0.00,8006786018613,,,Y,Y,8.00,15.000,3.000,N,N,N
parasole-60x130,10531,Parasole 60x130,Accessori,,N,,,,,,,3.35,8010718270222,,,Y,Y,7.00,1.000,,N,N,N
parasole-70x140-rosso,10530,Parasole 70x140,Accessori,,N,,,,,,,3.85,8010718270239,,,Y,Y,8.00,5.000,,N,N,N
parasole-80x146,10532,Parasole 80x146,Accessori,,N,,,,,,,4.35,8010718270246,,,Y,Y,9.00,5.000,,N,N,N
passion-car,10390,PASSION CAR,Lavaggi,,N,TIPO LAVAGGIO,COMPLETO,,,,,0.00,,,,N,Y,24.00,,,N,N,N
passion-car,10391,,,,,,ESTERNO,,,,,0.00,,,,,Y,13.00,,,N,N,N
passion-car,10418,,,,,,IDRO+RULLI,,,,,0.00,,,,,Y,10.00,,,N,N,N
passion-car,10417,,,,,,INTERNO,,,,,0.00,,,,,Y,20.00,,,N,N,N
passion-car,10392,,,,,,SOLO RULLI,,,,,0.00,,,,,Y,6.00,,,N,N,N
passion-car,10422,,,,,,VARIABILE,,,,,0.00,,,,,Y,variable,,,N,N,N
PELLE MICROFIBRA ESTERNO ,10368,PELLE MICROFIBRA ESTERNO,Uso interno,PELLE MICROFIBRA ESTERNO ,N,,,,,,,0.00,,,,Y,Y,25.00,6.000,3.000,N,N,N
PELLE SCAMOSCIATA NATURALE  MEDIA ,10029,PELLE SCAMOSCIATA  MEDIA,Accessori,PELLE SCAMOSCIATA NATURALE  MEDIA ,N,,,,,,,0.00,8010718283215,,,Y,Y,15.00,1.000,3.000,N,N,N
PNEUBELL RAVVIVANTE GOMME 400ML,10057,PNEUBELL RAVVIVANTE GOMME 400ML,Accessori,PNEUBELL RAVVIVANTE GOMME 400ML,N,,,,,,,0.00,8002424001436,,,Y,Y,6.00,3.000,3.000,N,N,N
PONCHO COPRISEDILE UNIVERSALE GRIGIO POLVERE ,10051,PONCHO COPRISEDILE UNIVERSALE GRIGIO POLVERE,Accessori,PONCHO COPRISEDILE UNIVERSALE GRIGIO POLVERE ,N,,,,,,,0.00,8010718290046,,,Y,Y,20.00,1.000,3.000,N,N,N
POP GREEN MINT ,10365,POP GREEN MINT,Accessori,POP GREEN MINT ,N,,,,,,,0.00,8001365290015,,,Y,Y,5.00,11.000,,N,N,N
PORTA CELLULARE UNIVERSALE ,10357,PORTA CELLULARE UNIVERSALE,Accessori,PORTA CELLULARE UNIVERSALE ,N,,,,,,,0.00,8010718207952,,,Y,Y,9.00,4.000,3.000,N,N,N
POWER LRGA PRELAVAGGIO CERCHIONI E CARROZZERIA 25LT,10305,POWER LRGA PRELAVAGGIO CERCHIONI E CARROZZERIA 25LT,Uso interno,POWER LRGA PRELAVAGGIO CERCHIONI E CARROZZERIA 25LT,N,,,,,,,0.00,,,,Y,Y,1.00,1.000,3.000,N,N,N
privati,10409,PRIVATI,Lavaggi,,N,TIPO LAVAGGIO,AUTO NON SPORCA,,,,,35.00,,,,N,Y,variable,,,Y,N,N
privati,10384,,,,,,COMPLETO,,,,,0.00,,,,,Y,28.00,,,,,
privati,10385,,,,,,ESTERNO,,,,,0.00,,,,,Y,14.00,,,,,
privati,10431,,,,,,FURGONE/VAN,,,,,0.00,,,,,Y,30.00,,,,,
privati,10386,,,,,,INTERNO,,,,,0.00,,,,,Y,22.00,,,,,
privati,10387,,,,,,RULLI,,,,,0.00,,,,,Y,6.00,,,,,
privati,10407,,,,,,RULLI+IDRO,,,,,0.00,,,,,Y,10.00,,,,,
privati,10408,,,,,,SPORCO ECCESSIVO,,,,,0.00,,,,,Y,variable,,,,,
privati,10388,,,,,,SUV,,,,,0.00,,,,,Y,30.00,,,,,
privati,10389,,,,,,TAPPEZZERIA,,,,,0.00,,,,,Y,99.00,,,,,
privati,10427,,,,,,VARIABILE,,,,,0.00,,,,,Y,variable,,,,,
PROFUMO 5LT,10308,PROFUMO 5LT,Uso interno,PROFUMO 5LT,N,,,,,,,0.00,8005553026615,,,Y,Y,1.00,1.000,3.000,N,N,N
promopharma,10439,PROMOPHARMA,Lavaggi,,N,TIPO LAVAGGIO,COMPLETO,,,,,0.00,,,,N,Y,25.00,,,N,N,N
promopharma,10440,,,,,,ESTERNO,,,,,0.00,,,,,Y,14.00,,,N,N,N
promopharma,10441,,,,,,RULLI,,,,,0.00,,,,,Y,6.00,,,N,N,N
promopharma,10442,,,,,,VARIABILE,,,,,0.00,,,,,Y,variable,,,N,N,N
PROTEGGI PARABREZZA TERMICO 144X100,10046,PROTEGGI PARABREZZA TERMICO,Accessori,PROTEGGI PARABREZZA TERMICO 144X100,N,,,,,,,0.00,8010718208300,,,Y,Y,8.00,2.000,3.000,N,N,N
PROTEGGI SEDILE FROZEN ,10376,PROTEGGI SEDILE FROZEN,Accessori,PROTEGGI SEDILE FROZEN ,N,,,,,,,0.00,8010898250915,,,Y,Y,7.00,2.000,3.000,N,N,N
PROTEGGI SEDILE PER AUTO PIXAR CARS,10371,PROTEGGI SEDILE PER AUTO PIXAR CARS,Accessori,PROTEGGI SEDILE PER AUTO PIXAR CARS,N,,,,,,,0.00,8010898259185,,,Y,Y,7.00,1.000,3.000,N,N,N
PROTEGGI SEDILE PER AUTO TRASPARENTE ,10372,PROTEGGI SEDILE PER AUTO TRASPARENTE,Accessori,PROTEGGI SEDILE PER AUTO TRASPARENTE ,N,,,,,,,0.00,8010718207303,,,Y,Y,6.00,2.000,3.000,N,N,N
PULIMAX EVO BLU DETERSIVO TROMBETTO 25LT,10309,PULIMAX EVO BLU DETERSIVO TROMBETTO 25LT,Uso interno,PULIMAX EVO BLU DETERSIVO TROMBETTO 25LT,N,,,,,,,0.00,,,,Y,Y,1.00,1.000,3.000,N,N,N
PULIMAX PULITORE UNIVERSALE 750ML,10061,PULIMAX PULITORE UNIVERSALE 750ML,Accessori,PULIMAX PULITORE UNIVERSALE 750ML,N,,,,,,,0.00,8005553002169,,,Y,Y,13.00,1.000,3.000,N,N,N
PULITORE PER VETRI 400ML,10066,PULITORE PER VETRI 400ML,Uso interno,PULITORE PER VETRI 400ML,N,,,,,,,0.00,8068057074971,,,Y,Y,5.00,14.000,3.000,N,N,N
PULITORE PER VETRI 5LT,10313,PULITORE PER VETRI 5LT,Uso interno,PULITORE PER VETRI 5LT,N,,,,,,,0.00,4045989095544,,,Y,Y,1.00,1.000,3.000,N,N,N
PURE AIR DEODORANTE CLIMA AUTO 200ML,10004,PURE AIR DEODORANTE CLIMA AUTO 200ML,Accessori,DEODORANTE CLIMA AUTO 200ML,N,,,,,,,0.00,8006786020425,,,Y,Y,8.00,27.000,3.000,N,N,N
r&mrs-big-joy---citrus-woods,10485,R&MRS BIG JOY - CITRUS WOODS,Profumatori,<p>MR&amp;MRS FRAGRANCE BIG JOY CITRUS WOODS</p>,N,,,,,,,1.65,8053288296575,,,Y,Y,5.00,3.000,1.000,N,N,N
radmaxx-radiatori-giallo,10549,RadMaxx radiatori giallo,Accessori,,N,,,,,,,3.50,8008747104731,,,Y,Y,8.00,12.000,3.000,N,N,N
RASCHIAGIACCHIO VETRO PLASTICA ,10358,RASCHIAGIACCHIO VETRO PLASTICA,Accessori,RASCHIAGIACCHIO VETRO PLASTICA ,N,,,,,,,0.00,,,,Y,Y,3.00,4.000,3.000,N,N,N
REFLEX CAR SCHERMO PARASOLE VERDE 60X130,10045,REFLEX CAR VERDE,Accessori,REFLEX CAR SCHERMO PARASOLE VERDE 60X130,N,,,,,,,0.00,8010718270222,,,Y,Y,7.00,0.000,3.000,N,N,N
RIMUOVI RESINA E INSETTI 500+250ML,10058,RIMUOVI RESINA E INSETTI 500+250ML,Accessori,RIMUOVI RESINA E INSETTI 500+250ML,N,,,,,,,0.00,8002565083742,,,Y,Y,6.00,1.000,3.000,N,N,N
ROTABRIL NEROGOMME SPRY 400ML,10002,ROTABRILL,Accessori,<p>NEROGOMME SPRAY 400ML</p>,N,,,,,,,0.00,8006786000274,,,Y,Y,8.00,11.000,3.000,N,N,N
RUBBERFIT COPPIA TAPPETINI GOMMA FIT 1,10086,RUBBERFIT COPPIA TAPPETINI GOMMA FIT 1,Accessori,<p>RUBBERFIT COPPIA TAPPETINI GOMMA FIT 1</p>,N,,,,,,,20.36,8010718340017,,,Y,Y,35.00,1.000,3.000,N,N,N
RUBBERFIT COPPIA TAPPETINI GOMMA FIT 2,10090,RUBBERFIT COPPIA TAPPETINI GOMMA FIT 2,Accessori,RUBBERFIT COPPIA TAPPETINI GOMMA FIT 2,N,,,,,,,0.00,8010718340024,,,Y,Y,35.00,1.000,3.000,N,N,N
rubberfit-coppia-tappetini-gomma-fit-3-1,10450d,RUBBERFIT COPPIA TAPPETINI GOMMA FIT 3,,,N,,,,,,,0.00,8010718340031,,,Y,Y,35.00,1.000,0.000,N,N,N
RUBBERFIT COPPIA TAPPETINI GOMMA FIT 4,10087,RUBBERFIT COPPIA TAPPETINI GOMMA FIT 4,Accessori,RUBBERFIT COPPIA TAPPETINI GOMMA FIT 4,N,,,,,,,0.00,8010718340048,,,Y,Y,35.00,0.000,3.000,N,N,N
RUBBERFIT COPPIA TAPPETINI GOMMA FIT 5,10088,RUBBERFIT COPPIA TAPPETINI GOMMA FIT 5,Accessori,RUBBERFIT COPPIA TAPPETINI GOMMA FIT 5,N,,,,,,,0.00,8010718340154,,,Y,Y,35.00,1.000,3.000,N,N,N
rubberfit-coppia-tappetini-gomma-fit-6,10449,RUBBERFIT COPPIA TAPPETINI GOMMA FIT 6,Accessori,,N,,,,,,,0.00,8010718340161,,,Y,Y,35.00,0.000,0.000,N,N,N
RUBBERFIT COPPIA TAPPETINI GOMMA FIT 7,10089,RUBBERFIT COPPIA TAPPETINI GOMMA FIT 7,Accessori,<p>RUBBERFIT COPPIA TAPPETINI GOMMA FIT 7</p>,N,,,,,,,0.00,8010718340178,,,Y,Y,35.00,1.000,3.000,N,N,N
sauvage-essence,10493,Sauvage essence,Profumatori,,N,,,,,,,2.50,8054309080630,,,Y,Y,7.00,2.000,0.000,N,N,N
SCIC SPLENDIRUSCOTTO 600ML,10034,SCIC,Accessori,SPLENDIRUSCOTTO 600ML,N,,,,,,,0.00,8005553012281,,,Y,Y,10.00,5.000,3.000,N,N,N
SCIOGLI CATRAME E COLLE 200ML,10005,SCIOGLI CATRAME E COLLE,Accessori,SCIOGLI CATRAME E COLLE 200ML,N,,,,,,,0.00,8006786005231,,,Y,Y,5.00,4.000,3.000,N,N,N
SET 4 TAPPETINI GOMMA UNIVERSALE (DA TAGLIARE),10084,SET 4 TAPPETINI GOMMA UNIVERSALE (DA TAGLIARE),Accessori,SET 4 TAPPETINI GOMMA UNIVERSALE (DA TAGLIARE),N,,,,,,,0.00,8010718326004,,,Y,Y,40.00,0.000,3.000,N,N,N
SET 4 TAPPETINI GOMMA WV TCROS 2019>,10085,SET 4 TAPPETINI GOMMA WV TCROS 2019>,Accessori,SET 4 TAPPETINI GOMMA WV TCROS 2019>,N,,,,,,,0.00,8010718104312,,,Y,Y,43.00,0.000,3.000,N,N,N
SET 4 TAPPETINI TESSUTO GRIGIO/NERO,10074,SET 4 TAPPETINI TESSUTO GRIGIO/NERO,Accessori,SET 4 TAPPETINI TESSUTO GRIGIO/NERO,N,,,,,,,0.00,8033280102784,,,Y,Y,33.00,1.000,3.000,N,N,N
SET 4 TAPPETINI TESSUTO NERI TG.C,10076,SET 4 TAPPETINI TESSUTO NERI TG.C,Accessori,SET 4 TAPPETINI TESSUTO NERI TG.C,N,,,,,,,0.00,8010718357336,,,Y,Y,18.00,0.000,3.000,N,N,N
SET 4 TAPPETINI TESSUTO NERO GOLF 7 2012>,10078,SET 4 TAPPETINI TESSUTO NERO GOLF 7 2012>,Accessori,SET 4 TAPPETINI TESSUTO NERO GOLF 7 2012>,N,,,,,,,0.00,8010718314063,,,Y,Y,40.00,1.000,3.000,N,N,N
SET 4 TAPPETINI TESSUTO NERO TG.1 ,10079,SET 4 TAPPETINI TESSUTO NERO TG.1,Accessori,SET 4 TAPPETINI TESSUTO NERO TG.1 ,N,,,,,,,0.00,8010718350610,,,Y,Y,29.00,1.000,3.000,N,N,N
SET 4 TAPPETINI TESSUTO NERO TG.4,10080,SET 4 TAPPETINI TESSUTO NERO TG.4,Accessori,SET 4 TAPPETINI TESSUTO NERO TG.4,N,,,,,,,0.00,8010718350641,,,Y,Y,29.00,-1.000,3.000,N,N,N
SET 4 TAPPETINI TESSUTO NERO TG.5,10081,SET 4 TAPPETINI TESSUTO NERO TG.5,Accessori,SET 4 TAPPETINI TESSUTO NERO TG.5,N,,,,,,,0.00,8010718350658,,,Y,Y,29.00,1.000,3.000,N,N,N
SET 4 TAPPETINI TESSUTO NERO TG.6,10082,SET 4 TAPPETINI TESSUTO NERO TG.6,Accessori,SET 4 TAPPETINI TESSUTO NERO TG.6,N,,,,,,,0.00,8010718350665,,,Y,Y,29.00,1.000,3.000,N,N,N
SET 4 TAPPETINI TESSUTO NERO TG.7,10083,SET 4 TAPPETINI TESSUTO NERO TG.7,Accessori,SET 4 TAPPETINI TESSUTO NERO TG.7,N,,,,,,,0.00,8010718350672,,,Y,Y,29.00,2.000,3.000,N,N,N
SET 4 TAPPETINI TESSUTO NERO UNIVERSALE ,10077,SET 4 TAPPETINI TESSUTO NERO UNIVERSALE,Accessori,SET 4 TAPPETINI TESSUTO NERO UNIVERSALE ,N,,,,,,,0.00,8010718357404,,,Y,Y,18.00,0.000,3.000,N,N,N
SET 4 TEPPETINI TESSUTO NERO TG.A ,10075,SET 4 TEPPETINI TESSUTO NERO TG.A,Accessori,SET 4 TEPPETINI TESSUTO NERO TG.A ,N,,,,,,,0.00,8010718357312,,,Y,Y,18.00,2.000,3.000,N,N,N
SET COPRISEDILI TRAPUNTATI ANTERIORI FURGONI,10097,SET COPRISEDILI TRAPUNTATI ANTERIORI FURGONI,Accessori,SET COPRISEDILI TRAPUNTATI ANTERIORI FURGONI,N,,,,,,,0.00,8010718025617,,,Y,Y,85.00,1.000,3.000,N,N,N
SINT 2000+ 0W20 1L,10012,SINT 2000+ 0W20 1L,Oli e lubrificanti,SINT 2000+ 0W20 1L,N,,,,,,,0.00,8003699011380,,,Y,Y,30.00,8.000,3.000,N,N,N
SINT 2000+ 5W30 1L,10013,SINT 2000+ 5W30 1L,Oli e lubrificanti,SINT 2000+ 5W30 1L,N,,,,,,,0.00,8003699011281,,,Y,Y,30.00,5.000,3.000,N,N,N
SINT 2000+ 5W40 1L,10014,SINT 2000+ 5W40 1L,Oli e lubrificanti,SINT 2000+ 5W40 1L,N,,,,,,,0.00,8003699011298,,,Y,Y,30.00,1.000,3.000,N,N,N
SINT 2000+10W40 1L,10015,SINT 2000+10W40 1L,Oli e lubrificanti,SINT 2000+10W40 1L,N,,,,,,,0.00,8003699011304,,,Y,Y,30.00,55.000,3.000,N,N,N
sint-2000+15w40-1l,10451,SINT 2000+15W40 1L,Oli e lubrificanti,,N,,,,,,,0.00,8003699011397,,,Y,Y,30.00,44.000,0.000,N,N,N
SKIN DETERGENTE SGRASSANE MULTISUPERFICI 10LT,10312,SKIN DETERGENTE SGRASSANE MULTISUPERFICI 10LT,Uso interno,SKIN DETERGENTE SGRASSANE MULTISUPERFICI 10LT,N,,,,,,,0.00,8006786006856,,,Y,Y,1.00,1.000,3.000,N,N,N
SMASH CRUSCOTTI SATINATI 400ML,10035,SMASH,Accessori,CRUSCOTTI SATINATI 400ML,N,,,,,,,0.00,8002565083117,,,Y,Y,8.00,5.000,3.000,N,N,N
SMASH RINNOVA SEDILI 400ML ,10060,SMASH RINNOVA SEDILI 400ML,Accessori,SMASH RINNOVA SEDILI 400ML ,N,,,,,,,0.00,8002565083001,,,Y,Y,6.00,6.000,3.000,N,N,N
SMASH RINNOVA SEDILI 500+200ML,10059,SMASH RINNOVA SEDILI 500+200ML,Accessori,SMASH RINNOVA SEDILI 500+200ML,N,,,,,,,0.00,8002565083001,,,Y,Y,7.00,2.000,3.000,N,N,N
SNOW GRIP GOMMA DA NWEVE SPRY 400ML,10022,SNOW GRIP,Accessori,GOMMA DA NWEVE SPRY 400ML,N,,,,,,,0.00,8001365471209,,,Y,Y,10.00,2.000,3.000,N,N,N
SOUL TAPPETTINO IN GOMMA,10050,SOUL TAPPETTINO IN GOMMA,Accessori,SOUL TAPPETTINO IN GOMMA,N,,,,,,,0.00,8010634031570,,,Y,Y,10.00,3.000,3.000,N,N,N
SPOILER AUTOLUCIDANTE PLASTICHE 600ML,10001,SPOILER,Accessori,<p>AUTOLUCIDANTE PLASTICHE 600ML</p>,N,,,,,,,0.00,8006786013830,,,Y,Y,8.00,18.000,,N,N,N
SPRY MEDICAL GERMICIDA DISINFETTANTE 150ML,10225,SPRY MEDICAL GERMICIDA DISINFETTANTE 150ML,Accessori,SPRY MEDICAL GERMICIDA DISINFETTANTE 150ML,N,,,,,,,0.00,4045989125326,,,Y,Y,15.00,23.000,,N,N,N
SPUGNA REMOVER ,10009,SPUGNA REMOVER,Accessori,SPUGNA REMOVER ,N,,,,,,,0.00,8008990005229,,,Y,Y,3.00,5.000,3.000,N,N,N
stoffinet-400ml-pulitore-sedili,10506,Stoffinet 400ml pulitore sedili,Accessori,,N,,,,,,,0.00,8006786000021,,,Y,Y,8.00,11.000,0.000,N,N,N
STOP AUTOSHAMPO LAVAINCERA 1LT,10054,STOP AUTOSHAMPOO LAVAINCERA 1LT,Accessori,<p>STOP AUTOSHAMPO LAVAINCERA 1LT</p>,N,,,,,,,0.00,8006786018460,,,Y,Y,8.00,13.000,3.000,N,N,N
stp-pulitore-iniettori-benzina,10453,STP PULITORE INIETTORI BENZINA,Accessori,,N,,,,,,,0.00,5020144812531,,,Y,Y,13.00,3.000,0.000,N,N,N
stp-pulitore-iniettori-diesel,10452,STP PULITORE INIETTORI DIESEL,Accessori,,N,,,,,,,0.00,5020144812593,,,Y,Y,13.00,13.000,,N,N,N
SUPER AZ DETERGENTE ALCALINO UNIVERSALE 1LT,10052,SUPER AZ DETERGENTE ALCALINO UNIVERSALE 1LT,Accessori,<p>SUPER AZ DETERGENTE ALCALINO UNIVERSALE 1LT</p>,N,,,,,,,0.00,8006786010716,,,Y,Y,8.00,14.000,3.000,N,N,N
SUPER AZ TANICA 20L ,10069,SUPER AZ TANICA 20L,Uso interno,SUPER AZ TANICA 20L ,N,,,,,,,0.00,8006786006368,,,Y,Y,120.00,2.000,3.000,N,N,N
SUPER POWER BOOSTER + OTTANI 200ML,10099,SUPER POWER BOOSTER + OTTANI 200ML,Accessori,SUPER POWER BOOSTER + OTTANI 200ML,N,,,,,,,0.00,5020144812562,,,Y,Y,13.00,24.000,,N,N,N
TANICA  10L,10070,TANICA  10L,Accessori,TANICA  10L,N,,,,,,,0.00,8000692669815,,,Y,Y,14.00,2.000,3.000,N,N,N
TANICA ADBLUE 10L ,10068,TANICA ADBLUE 10L,Accessori,TANICA ADBLUE 10L ,N,,,,,,,0.00,8003699013681,,,Y,Y,25.00,59.000,3.000,N,N,N
TANICA CARBURANTE 10L,10072,TANICA CARBURANTE 10L,Accessori,TANICA CARBURANTE 10L,N,,,,,,,0.00,8010718269240,,,Y,Y,14.00,0.000,3.000,N,N,N
TANICA CARBURANTE 20L ,10096,TANICA CARBURANTE 20L,Accessori,TANICA CARBURANTE 20L ,N,,,,,,,0.00,8000692669846,,,Y,Y,22.00,1.000,3.000,N,N,N
TANICA CARBURANTE 5L,10071,TANICA CARBURANTE 5L,Accessori,TANICA CARBURANTE 5L,N,,,,,,,0.00,8000692669808,,,Y,Y,10.00,1.000,3.000,N,N,N
TANICA EMERGENZA 8L,10383,TANICA EMERGENZA 8L,Accessori,TANICA EMERGENZA 8L,N,,,,,,,0.00,,,,Y,Y,7.00,3.000,3.000,N,N,N
tanica-in-plastica-10l,10529,Tanica in plastica 10l,Accessori,,N,,,,,,,6.75,8010718269240,,,Y,Y,14.00,2.000,,N,N,N
tanica-in-plastica-5l,10528,Tanica in plastica 5l,Accessori,,N,,,,,,,5.45,8010718269233,,,Y,Y,11.00,1.000,,N,N,N
tappetini-aud-a4,10512,Tappetini aud a4,Accessori,,N,,,,,,,0.00,8010718314087,,,N,Y,40.00,,,N,N,N
tappetini-in-gomma-suzuki-ignis,10520,Tappetini in gomma Suzuki IGNIS,Accessori,,N,,,,,,,0.00,18010718322560,,,Y,Y,45.00,1.000,,N,N,N
TRAPUNTINO A SCACCHIERA TAPPETINO GOMMA 35X49,10048,TAPPETINO GOMMA 35X49,Accessori,<p>TRAPUNTINO A SCACCHIERA TAPPETINO GOMMA 35X49</p>,N,,,,,,,0.00,8010718335211,,,Y,Y,12.00,2.000,3.000,N,N,N
tappeto-in-gomma-a-quadretti-29x43,10479,TAPPETO IN GOMMA A QUADRETTI 29X43,,<p>TAPPETO IN GOMMA MISURA 29X43 A QUADRETTI</p>,N,,,,,,,0.00,,,,Y,Y,15.00,10.000,3.000,N,N,N
TAPPETO PROTETTIVO ANTISCIVOLO 120*100,10025,TAPPETO PROTETTIVO,Accessori,ANTISCIVOLO 120*100,N,,,,,,,0.00,8010718208256,,,Y,Y,9.00,2.000,3.000,N,N,N
TAPPI COPRIVALVOLE ALLUMINIO ALLUMINIO,10356,TAPPI COPRIVALVOLE ALLUMINIO ALLUMINIO,Accessori,TAPPI COPRIVALVOLE ALLUMINIO ALLUMINIO,N,,,,,,,0.00,8010718206481,,,Y,Y,3.50,2.000,3.000,N,N,N
TAPPI COPRIVALVOLE ALLUMINIO BLU,10355,TAPPI COPRIVALVOLE ALLUMINIO BLU,Accessori,TAPPI COPRIVALVOLE ALLUMINIO BLU,N,,,,,,,0.00,8010718206498,,,Y,Y,3.50,1.000,3.000,N,N,N
TAPPO SERBATOIO EMERGENZA UNIVERSALE ,10352,TAPPO SERBATOIO EMERGENZA UNIVERSALE,Accessori,TAPPO SERBATOIO EMERGENZA UNIVERSALE ,N,,,,,,,0.00,8010718207532,,,Y,Y,10.00,9.000,3.000,N,N,N
TELO PROTEZIONE TOT BAULE 99*58,10024,TELO PROTEZIONE BAULE,Accessori,TELO PROTEZIONE TOT BAULE 99*58,N,,,,,,,0.00,8010718208447,,,Y,Y,16.00,1.000,3.000,N,N,N
TENDINA PARASOLE 2 PZ TOY STORY ,10375,TENDINA PARASOLE 2 PZ TOY STORY,Accessori,TENDINA PARASOLE 2 PZ TOY STORY ,N,,,,,,,0.00,8010898280028,,,Y,Y,8.00,1.000,3.000,N,N,N
TENDINA PARASOLE 2 PZ TOY STORY 2 44*35CM,10374,TENDINA PARASOLE 2 PZ TOY STORY 2 44*35CM,Accessori,TENDINA PARASOLE 2 PZ TOY STORY 2 44*35CM,N,,,,,,,0.00,8010898280011,,,Y,Y,8.00,1.000,3.000,N,N,N
TENDINA PARASOLE 2PZ 50*60CM NERO TG.M,10382,TENDINA PARASOLE 2PZ 50*60CM NERO TG.M,Accessori,TENDINA PARASOLE 2PZ 50*60CM NERO TG.M,N,,,,,,,0.00,3221324636127,,,Y,Y,8.00,0.000,3.000,N,N,N
TENDINA PARASOLE 2PZ HELLO KITTY ,10380,TENDINA PARASOLE 2PZ HELLO KITTY,Accessori,TENDINA PARASOLE 2PZ HELLO KITTY ,N,,,,,,,0.00,8012052066332,,,Y,Y,8.00,1.000,3.000,N,N,N
TENDINA PARASOLE 2PZ NEMO 67*37,10381,TENDINA PARASOLE 2PZ NEMO 67*37,Accessori,TENDINA PARASOLE 2PZ NEMO 67*37,N,,,,,,,0.00,3284550137103,,,Y,Y,8.00,0.000,3.000,N,N,N
TENDINA PARASOLE 2PZ SHREK 2 44*38CM,10379,TENDINA PARASOLE 2PZ SHREK 2 44*38CM,Accessori,TENDINA PARASOLE 2PZ SHREK 2 44*38CM,N,,,,,,,0.00,3284550131002,,,Y,Y,8.00,1.000,3.000,N,N,N
TENDINA PARASOLE A VENTOSA FROZEN 44*35CM,10377,TENDINA PARASOLE A VENTOSA FROZEN 44*35CM,Accessori,TENDINA PARASOLE A VENTOSA FROZEN 44*35CM,N,,,,,,,0.00,8010898282138,,,Y,Y,8.00,1.000,3.000,N,N,N
TENDINA PARASOLE VENTOSA TOYS STORY 3,10373,TENDINA PARASOLE VENTOSA TOYS STORY 3,Accessori,TENDINA PARASOLE VENTOSA TOYS STORY 3,N,,,,,,,0.00,8010898284019,,,Y,Y,8.00,1.000,3.000,N,N,N
TERGIMAX DETERSIVO VETRI 25LT,10307,TERGIMAX DETERSIVO VETRI 25LT,Uso interno,TERGIMAX DETERSIVO VETRI 25LT,N,,,,,,,0.00,8008747104564,,,Y,Y,1.00,1.000,3.000,N,N,N
TERGIMAX SUPER CONCENTRATO PULITORE VETRI TERGI 1LT,10055,TERGIMAX SUPER CONCENTRATO PULITORE VETRI TERGI 1LT,Accessori,TERGIMAX SUPER CONCENTRATO PULITORE VETRI TERGI 1LT,N,,,,,,,0.00,8008747104540,,,Y,Y,8.00,6.000,3.000,N,N,N
tergiplus-280mm,10514,Tergiplus 280mm,,,N,,,,,,,0.00,8010718212802,,,Y,Y,8.00,5.000,0.000,N,N,N
tergiplus-530mm,10513,Tergiplus 530mm,Tergicristalli,,N,,,,,,,0.00,8010718215308,,,Y,Y,10.00,4.000,0.000,N,N,N
TERGIPLUS ANT. 280MM,10148,TERGIPLUS ANT. 280MM,Tergicristalli,TERGIPLUS ANT. 280MM,N,,,,,,,0.00,8010718012808,,,Y,Y,8.00,1.000,3.000,N,N,N
TERGIPLUS ANT. 300MM,10147,TERGIPLUS ANT. 300MM,Tergicristalli,TERGIPLUS ANT. 300MM,N,,,,,,,0.00,8010718013003,,,Y,Y,8.00,4.000,3.000,N,N,N
TERGIPLUS ANT. 330MM,10146,TERGIPLUS ANT. 330MM,Tergicristalli,TERGIPLUS ANT. 330MM,N,,,,,,,0.00,8010718013300,,,Y,Y,8.00,3.000,3.000,N,N,N
TERGIPLUS ANT. 350MM,10145,TERGIPLUS ANT. 350MM,Tergicristalli,TERGIPLUS ANT. 350MM,N,,,,,,,0.00,8010718213502,,,Y,Y,8.00,4.000,3.000,N,N,N
TERGIPLUS ANT. 380MM,10144,TERGIPLUS ANT. 380MM,Tergicristalli,TERGIPLUS ANT. 380MM,N,,,,,,,0.00,8010718013805,,,Y,Y,8.00,4.000,3.000,N,N,N
TERGIPLUS ANT. 400MM,10143,TERGIPLUS ANT. 400MM,Tergicristalli,TERGIPLUS ANT. 400MM,N,,,,,,,0.00,8010718214004,,,Y,Y,8.00,5.000,3.000,N,N,N
TERGIPLUS ANT. 450MM,10142,TERGIPLUS ANT. 450MM,Tergicristalli,TERGIPLUS ANT. 450MM,N,,,,,,,0.00,8010718214509,,,Y,Y,8.00,5.000,3.000,N,N,N
TERGIPLUS ANT. 480MM,10141,TERGIPLUS ANT. 480MM,Tergicristalli,TERGIPLUS ANT. 480MM,N,,,,,,,0.00,8010718214806,,,Y,Y,8.00,2.000,3.000,N,N,N
TERGIPLUS ANT. 500MM,10140,TERGIPLUS ANT. 500MM,Tergicristalli,TERGIPLUS ANT. 500MM,N,,,,,,,0.00,8010718215001,,,Y,Y,10.00,5.000,3.000,N,N,N
TERGIPLUS ANT. 530MM,10139,TERGIPLUS ANT. 530MM,Tergicristalli,TERGIPLUS ANT. 530MM,N,,,,,,,0.00,8010718015304,,,Y,Y,10.00,3.000,3.000,N,N,N
TERGIPLUS ANT. 550MM,10138,TERGIPLUS ANT. 550MM,Tergicristalli,TERGIPLUS ANT. 550MM,N,,,,,,,0.00,8010718215506,,,Y,Y,10.00,7.000,3.000,N,N,N
TERGIPLUS ANT. 600MM,10137,TERGIPLUS ANT. 600MM,Tergicristalli,TERGIPLUS ANT. 600MM,N,,,,,,,0.00,8010718216015,,,Y,Y,10.00,2.000,3.000,N,N,N
TERGIPLUS ANT. 650MM,10136,TERGIPLUS ANT. 650MM,Tergicristalli,TERGIPLUS ANT. 650MM,N,,,,,,,0.00,8010718216503,,,Y,Y,10.00,5.000,3.000,N,N,N
TERGITRUCK 600MM,10223,TERGITRUCK 600MM,Tergicristalli,TERGITRUCK 600MM,N,,,,,,,0.00,8010718256004,,,Y,Y,18.00,2.000,3.000,N,N,N
TERGITRUCK 700MM,10224,TERGITRUCK 700MM,Tergicristalli,TERGITRUCK 700MM,N,,,,,,,0.00,8010718257001,,,Y,Y,18.00,1.000,3.000,N,N,N
trattamento-geko-clear-view-vetri,10499,Trattamento Geko Clear View Vetri,Detailing,,N,,,,,,,0.00,,,,N,Y,130.00,,,N,N,N
variabile,10428,Variabile,,,N,,,,,,,0.00,,,,N,Y,variable,,,N,N,N
veriga-pro-compact-110,10466,Veriga pro compact 110,Catene,,N,,,,,,,0.00,3838723431194,,,Y,Y,variable,2.000,0.000,N,N,N
veriga-pro-compact-120,10467,Veriga pro compact 120,Catene,,N,,,,,,,0.00,3838723431200,,,Y,Y,0.00,2.000,0.000,N,N,N
veriga-pro-compact-130,10468,Veriga pro compact 130,Catene,,N,,,,,,,0.00,3838723431217,,,Y,Y,variable,2.000,0.000,N,N,N
veriga-pro-compact-140,10469,Veriga pro compact 140,Catene,,N,,,,,,,0.00,3838723430920,,,Y,Y,variable,3.000,0.000,N,N,N
veriga-pro-compact-150,10470,Veriga pro compact 150,Catene,,N,,,,,,,0.00,3838723439343,,,Y,Y,variable,2.000,0.000,N,N,N
"versatore-graduato-0,5l",10480,"VERSATORE GRADUATO 0,5L",Accessori,"<p>VERSATORE GRADUATO 0,5L</p>",N,,,,,,,0.00,,,,Y,Y,8.00,3.000,1.000,N,N,N
vetrobel-plus,10463,VETROBEL PLUS,Accessori,<p>Detergente pulizia vetri schiumogeno VETROBEL PLUS 400ml bomboletta&nbsp;</p>,N,,,,,,,0.00,8006786058442,,,Y,Y,8.00,4.000,3.000,N,N,N
vivident-blast,10456,Vivident blast,Bar,,N,,,,,,,0.00,80945147,,,Y,Y,2.50,8.000,0.000,N,N,N
vivident-xylit,10461,Vivident xylit,Bar,,N,,,,,,,0.00,80679226,,,Y,Y,1.20,12.000,0.000,N,N,N
wicked-poison-essence,10490,Wicked Poison essence,Profumatori,,N,,,,,,,2.50,8054309080869,,,Y,Y,7.00,0.000,0.000,N,N,N
WINTER CLEAN SUPER CONCENTRATO TERGI 500ML,10056,WINTER CLEAN SUPER CONCENTRATO TERGI 500ML,Accessori,<p>WINTER CLEAN SUPER CONCENTRATO TERGI 500ML</p>,N,,,,,,,0.00,8008747104533,,,Y,Y,5.00,35.000,3.000,N,N,N
zonzini,10396,ZONZINI,Lavaggi,,N,TIPO LAVAGGIO,COMPLETO,,,,,0.00,,,,N,Y,26.00,,,N,N,N
zonzini,10397,,,,,,ESTERNO,,,,,0.00,,,,,Y,14.00,,,N,N,N
zonzini,10424,,,,,,IDRO+RULLI,,,,,0.00,,,,,Y,10.00,,,N,N,N
zonzini,10425,,,,,,IMPORTO MANUALE,,,,,0.00,,,,,Y,variable,,,N,N,N
zonzini,10423,,,,,,INTERNO,,,,,0.00,,,,,Y,20.00,,,N,N,N
zonzini,10398,,,,,,SOLO RULLI,,,,,0.00,,,,,Y,6.00,,,N,N,N
